aircraft_id,airline,model,manufacture_year,fleet_type
UAL865,UAL,B757,2017,Wide
UAL906,UAL,B757,2009,Wide
NKS569,NKS,A319,2016,Narrow
FFT724,FFT,A320neo,2006,Narrow
FFT697,FFT,A320neo,2005,Narrow
SWA425,SWA,B737-MAX,2007,Narrow
UAL564,UAL,B757,2012,Wide
AAL158,AAL,B737-800,2018,Narrow
JBU237,JBU,A321,2005,Wide
NKS277,NKS,A319,2017,Narrow
SWA315,SWA,B737-MAX,2016,Narrow
FFT861,FFT,A320neo,2008,Narrow
FFT762,FFT,A320neo,2006,Narrow
SWA421,SWA,B737-MAX,2020,Narrow
UAL208,UAL,B757,2021,Wide
DAL831,DAL,A320,2021,Narrow
UAL278,UAL,B757,2005,Wide
UAL830,UAL,B757,2008,Wide
AAL644,AAL,B737-800,2012,Narrow
UAL896,UAL,B757,2005,Wide
SWA213,SWA,B737-MAX,2005,Narrow
NKS522,NKS,A319,2016,Narrow
NKS962,NKS,A319,2010,Narrow
NKS933,NKS,A319,2008,Narrow
NKS368,NKS,A319,2008,Narrow
NKS464,NKS,A319,2013,Narrow
SWA190,SWA,B737-MAX,2016,Narrow
SWA887,SWA,B737-MAX,2008,Narrow
SWA707,SWA,B737-MAX,2009,Narrow
UAL764,UAL,B757,2005,Wide
UAL651,UAL,B757,2012,Wide
NKS779,NKS,A319,2019,Narrow
FFT121,FFT,A320neo,2013,Narrow
SWA353,SWA,B737-MAX,2005,Narrow
SWA660,SWA,B737-MAX,2007,Narrow
JBU154,JBU,A321,2021,Wide
DAL516,DAL,A320,2013,Narrow
DAL257,DAL,A320,2014,Narrow
DAL496,DAL,A320,2017,Narrow
FFT397,FFT,A320neo,2005,Narrow
UAL910,UAL,B757,2021,Wide
NKS354,NKS,A319,2013,Narrow
DAL744,DAL,A320,2008,Narrow
JBU420,JBU,A321,2008,Wide
AAL724,AAL,B737-800,2017,Narrow
UAL594,UAL,B757,2018,Wide
NKS904,NKS,A319,2010,Narrow
JBU586,JBU,A321,2012,Wide
NKS838,NKS,A319,2016,Narrow
DAL308,DAL,A320,2020,Narrow
SWA974,SWA,B737-MAX,2012,Narrow
SWA215,SWA,B737-MAX,2008,Narrow
UAL557,UAL,B757,2021,Wide
DAL771,DAL,A320,2019,Narrow
AAL410,AAL,B737-800,2006,Narrow
JBU672,JBU,A321,2006,Wide
SWA726,SWA,B737-MAX,2017,Narrow
NKS853,NKS,A319,2017,Narrow
SWA811,SWA,B737-MAX,2014,Narrow
JBU893,JBU,A321,2021,Wide
DAL841,DAL,A320,2005,Narrow
DAL867,DAL,A320,2019,Narrow
SWA120,SWA,B737-MAX,2006,Narrow
DAL833,DAL,A320,2014,Narrow
AAL725,AAL,B737-800,2014,Narrow
JBU427,JBU,A321,2018,Wide
DAL512,DAL,A320,2015,Narrow
DAL174,DAL,A320,2008,Narrow
NKS152,NKS,A319,2015,Narrow
NKS125,NKS,A319,2016,Narrow
UAL782,UAL,B757,2016,Wide
AAL528,AAL,B737-800,2011,Narrow
NKS541,NKS,A319,2020,Narrow
FFT983,FFT,A320neo,2008,Narrow
JBU165,JBU,A321,2020,Wide
SWA350,SWA,B737-MAX,2006,Narrow
FFT885,FFT,A320neo,2019,Narrow
UAL229,UAL,B757,2005,Wide
NKS287,NKS,A319,2020,Narrow
NKS623,NKS,A319,2008,Narrow
NKS210,NKS,A319,2014,Narrow
DAL984,DAL,A320,2017,Narrow
SWA827,SWA,B737-MAX,2006,Narrow
JBU515,JBU,A321,2015,Wide
FFT318,FFT,A320neo,2018,Narrow
NKS591,NKS,A319,2011,Narrow
NKS150,NKS,A319,2009,Narrow
NKS127,NKS,A319,2005,Narrow
DAL845,DAL,A320,2021,Narrow
SWA779,SWA,B737-MAX,2008,Narrow
JBU279,JBU,A321,2012,Wide
UAL662,UAL,B757,2005,Wide
SWA705,SWA,B737-MAX,2010,Narrow
DAL550,DAL,A320,2017,Narrow
NKS881,NKS,A319,2008,Narrow
JBU972,JBU,A321,2010,Wide
DAL143,DAL,A320,2012,Narrow
UAL102,UAL,B757,2021,Wide
AAL481,AAL,B737-800,2008,Narrow
JBU401,JBU,A321,2005,Wide
SWA638,SWA,B737-MAX,2006,Narrow
JBU466,JBU,A321,2015,Wide
DAL546,DAL,A320,2011,Narrow
AAL624,AAL,B737-800,2013,Narrow
NKS609,NKS,A319,2006,Narrow
DAL180,DAL,A320,2013,Narrow
JBU558,JBU,A321,2021,Wide
SWA202,SWA,B737-MAX,2007,Narrow
UAL696,UAL,B757,2013,Wide
JBU508,JBU,A321,2008,Wide
SWA728,SWA,B737-MAX,2014,Narrow
SWA200,SWA,B737-MAX,2007,Narrow
DAL435,DAL,A320,2019,Narrow
UAL532,UAL,B757,2020,Wide
JBU473,JBU,A321,2021,Wide
NKS126,NKS,A319,2012,Narrow
UAL708,UAL,B757,2007,Wide
FFT278,FFT,A320neo,2005,Narrow
AAL994,AAL,B737-800,2009,Narrow
UAL766,UAL,B757,2016,Wide
AAL558,AAL,B737-800,2011,Narrow
FFT171,FFT,A320neo,2005,Narrow
DAL600,DAL,A320,2006,Narrow
FFT747,FFT,A320neo,2016,Narrow
FFT301,FFT,A320neo,2014,Narrow
DAL948,DAL,A320,2016,Narrow
JBU430,JBU,A321,2019,Wide
SWA212,SWA,B737-MAX,2010,Narrow
FFT636,FFT,A320neo,2020,Narrow
NKS596,NKS,A319,2007,Narrow
AAL134,AAL,B737-800,2012,Narrow
UAL719,UAL,B757,2017,Wide
AAL407,AAL,B737-800,2009,Narrow
JBU449,JBU,A321,2012,Wide
FFT640,FFT,A320neo,2018,Narrow
NKS905,NKS,A319,2007,Narrow
DAL695,DAL,A320,2010,Narrow
SWA615,SWA,B737-MAX,2010,Narrow
SWA919,SWA,B737-MAX,2012,Narrow
UAL734,UAL,B757,2008,Wide
SWA967,SWA,B737-MAX,2009,Narrow
SWA637,SWA,B737-MAX,2005,Narrow
NKS945,NKS,A319,2020,Narrow
DAL314,DAL,A320,2019,Narrow
UAL960,UAL,B757,2016,Wide
SWA382,SWA,B737-MAX,2014,Narrow
NKS952,NKS,A319,2006,Narrow
NKS205,NKS,A319,2014,Narrow
DAL276,DAL,A320,2009,Narrow
FFT962,FFT,A320neo,2011,Narrow
FFT846,FFT,A320neo,2012,Narrow
FFT783,FFT,A320neo,2014,Narrow
DAL453,DAL,A320,2010,Narrow
SWA851,SWA,B737-MAX,2015,Narrow
AAL301,AAL,B737-800,2008,Narrow
AAL519,AAL,B737-800,2006,Narrow
NKS519,NKS,A319,2016,Narrow
NKS635,NKS,A319,2018,Narrow
JBU599,JBU,A321,2011,Wide
AAL853,AAL,B737-800,2010,Narrow
UAL419,UAL,B757,2018,Wide
AAL364,AAL,B737-800,2017,Narrow
AAL683,AAL,B737-800,2007,Narrow
AAL103,AAL,B737-800,2016,Narrow
AAL806,AAL,B737-800,2008,Narrow
SWA906,SWA,B737-MAX,2010,Narrow
DAL152,DAL,A320,2012,Narrow
DAL454,DAL,A320,2020,Narrow
JBU695,JBU,A321,2015,Wide
JBU930,JBU,A321,2006,Wide
DAL712,DAL,A320,2012,Narrow
UAL605,UAL,B757,2018,Wide
FFT881,FFT,A320neo,2011,Narrow
AAL546,AAL,B737-800,2016,Narrow
FFT852,FFT,A320neo,2021,Narrow
UAL410,UAL,B757,2019,Wide
UAL357,UAL,B757,2006,Wide
AAL978,AAL,B737-800,2008,Narrow
FFT808,FFT,A320neo,2011,Narrow
AAL189,AAL,B737-800,2007,Narrow
FFT410,FFT,A320neo,2005,Narrow
AAL142,AAL,B737-800,2020,Narrow
FFT243,FFT,A320neo,2021,Narrow
FFT677,FFT,A320neo,2008,Narrow
UAL240,UAL,B757,2019,Wide
UAL926,UAL,B757,2016,Wide
DAL319,DAL,A320,2016,Narrow
NKS314,NKS,A319,2016,Narrow
JBU765,JBU,A321,2009,Wide
UAL361,UAL,B757,2005,Wide
NKS327,NKS,A319,2018,Narrow
SWA669,SWA,B737-MAX,2005,Narrow
AAL164,AAL,B737-800,2021,Narrow
AAL581,AAL,B737-800,2007,Narrow
SWA936,SWA,B737-MAX,2009,Narrow
AAL606,AAL,B737-800,2005,Narrow
FFT234,FFT,A320neo,2012,Narrow
UAL783,UAL,B757,2017,Wide
SWA271,SWA,B737-MAX,2009,Narrow
UAL526,UAL,B757,2015,Wide
JBU989,JBU,A321,2011,Wide
JBU403,JBU,A321,2015,Wide
UAL298,UAL,B757,2017,Wide
AAL545,AAL,B737-800,2005,Narrow
DAL655,DAL,A320,2010,Narrow
UAL634,UAL,B757,2013,Wide
UAL539,UAL,B757,2018,Wide
NKS184,NKS,A319,2018,Narrow
NKS167,NKS,A319,2019,Narrow
FFT143,FFT,A320neo,2007,Narrow
DAL690,DAL,A320,2010,Narrow
JBU525,JBU,A321,2012,Wide
DAL289,DAL,A320,2019,Narrow
FFT450,FFT,A320neo,2009,Narrow
DAL795,DAL,A320,2015,Narrow
SWA446,SWA,B737-MAX,2021,Narrow
NKS557,NKS,A319,2006,Narrow
UAL805,UAL,B757,2014,Wide
FFT615,FFT,A320neo,2012,Narrow
UAL627,UAL,B757,2013,Wide
FFT739,FFT,A320neo,2017,Narrow
JBU179,JBU,A321,2019,Wide
NKS351,NKS,A319,2013,Narrow
NKS496,NKS,A319,2015,Narrow
NKS949,NKS,A319,2020,Narrow
UAL279,UAL,B757,2012,Wide
DAL540,DAL,A320,2014,Narrow
AAL863,AAL,B737-800,2016,Narrow
FFT343,FFT,A320neo,2016,Narrow
FFT746,FFT,A320neo,2015,Narrow
FFT465,FFT,A320neo,2013,Narrow
NKS139,NKS,A319,2008,Narrow
AAL381,AAL,B737-800,2020,Narrow
JBU244,JBU,A321,2017,Wide
NKS908,NKS,A319,2016,Narrow
AAL777,AAL,B737-800,2019,Narrow
FFT812,FFT,A320neo,2012,Narrow
AAL472,AAL,B737-800,2014,Narrow
SWA329,SWA,B737-MAX,2019,Narrow
UAL909,UAL,B757,2005,Wide
FFT127,FFT,A320neo,2015,Narrow
NKS758,NKS,A319,2014,Narrow
FFT537,FFT,A320neo,2007,Narrow
FFT461,FFT,A320neo,2017,Narrow
SWA435,SWA,B737-MAX,2018,Narrow
NKS621,NKS,A319,2006,Narrow
DAL245,DAL,A320,2014,Narrow
UAL927,UAL,B757,2014,Wide
SWA279,SWA,B737-MAX,2012,Narrow
FFT132,FFT,A320neo,2013,Narrow
UAL823,UAL,B757,2006,Wide
NKS414,NKS,A319,2013,Narrow
AAL115,AAL,B737-800,2015,Narrow
DAL302,DAL,A320,2013,Narrow
SWA115,SWA,B737-MAX,2006,Narrow
DAL954,DAL,A320,2014,Narrow
SWA767,SWA,B737-MAX,2007,Narrow
SWA393,SWA,B737-MAX,2008,Narrow
JBU902,JBU,A321,2005,Wide
FFT577,FFT,A320neo,2020,Narrow
DAL218,DAL,A320,2016,Narrow
UAL876,UAL,B757,2008,Wide
DAL526,DAL,A320,2019,Narrow
DAL535,DAL,A320,2019,Narrow
UAL148,UAL,B757,2019,Wide
UAL813,UAL,B757,2015,Wide
SWA497,SWA,B737-MAX,2012,Narrow
FFT332,FFT,A320neo,2012,Narrow
FFT664,FFT,A320neo,2006,Narrow
JBU367,JBU,A321,2015,Wide
DAL161,DAL,A320,2010,Narrow
AAL231,AAL,B737-800,2006,Narrow
DAL111,DAL,A320,2013,Narrow
AAL874,AAL,B737-800,2018,Narrow
DAL450,DAL,A320,2021,Narrow
UAL843,UAL,B757,2006,Wide
NKS909,NKS,A319,2006,Narrow
FFT442,FFT,A320neo,2013,Narrow
FFT854,FFT,A320neo,2018,Narrow
AAL533,AAL,B737-800,2020,Narrow
NKS515,NKS,A319,2015,Narrow
UAL375,UAL,B757,2017,Wide
SWA184,SWA,B737-MAX,2016,Narrow
SWA102,SWA,B737-MAX,2020,Narrow
SWA378,SWA,B737-MAX,2015,Narrow
DAL627,DAL,A320,2011,Narrow
SWA191,SWA,B737-MAX,2006,Narrow
AAL455,AAL,B737-800,2011,Narrow
NKS395,NKS,A319,2010,Narrow
FFT518,FFT,A320neo,2019,Narrow
NKS524,NKS,A319,2016,Narrow
UAL485,UAL,B757,2014,Wide
AAL125,AAL,B737-800,2016,Narrow
FFT134,FFT,A320neo,2015,Narrow
AAL181,AAL,B737-800,2014,Narrow
AAL850,AAL,B737-800,2016,Narrow
DAL286,DAL,A320,2009,Narrow
SWA226,SWA,B737-MAX,2017,Narrow
SWA537,SWA,B737-MAX,2014,Narrow
JBU825,JBU,A321,2006,Wide
JBU943,JBU,A321,2015,Wide
DAL396,DAL,A320,2012,Narrow
NKS109,NKS,A319,2007,Narrow
AAL754,AAL,B737-800,2021,Narrow
DAL225,DAL,A320,2015,Narrow
JBU312,JBU,A321,2014,Wide
UAL252,UAL,B757,2013,Wide
JBU411,JBU,A321,2018,Wide
FFT602,FFT,A320neo,2007,Narrow
SWA959,SWA,B737-MAX,2006,Narrow
NKS800,NKS,A319,2014,Narrow
SWA573,SWA,B737-MAX,2020,Narrow
DAL256,DAL,A320,2017,Narrow
DAL429,DAL,A320,2013,Narrow
SWA381,SWA,B737-MAX,2019,Narrow
AAL667,AAL,B737-800,2017,Narrow
AAL782,AAL,B737-800,2019,Narrow
FFT709,FFT,A320neo,2020,Narrow
FFT325,FFT,A320neo,2015,Narrow
JBU976,JBU,A321,2018,Wide
NKS208,NKS,A319,2016,Narrow
UAL124,UAL,B757,2018,Wide
UAL831,UAL,B757,2010,Wide
NKS423,NKS,A319,2017,Narrow
SWA141,SWA,B737-MAX,2010,Narrow
UAL673,UAL,B757,2017,Wide
NKS703,NKS,A319,2018,Narrow
JBU117,JBU,A321,2008,Wide
FFT242,FFT,A320neo,2014,Narrow
AAL344,AAL,B737-800,2006,Narrow
DAL929,DAL,A320,2005,Narrow
NKS819,NKS,A319,2009,Narrow
UAL613,UAL,B757,2019,Wide
NKS614,NKS,A319,2005,Narrow
DAL661,DAL,A320,2010,Narrow
NKS467,NKS,A319,2007,Narrow
SWA169,SWA,B737-MAX,2020,Narrow
UAL780,UAL,B757,2011,Wide
JBU872,JBU,A321,2019,Wide
FFT626,FFT,A320neo,2016,Narrow
DAL120,DAL,A320,2013,Narrow
JBU137,JBU,A321,2020,Wide
NKS825,NKS,A319,2018,Narrow
FFT394,FFT,A320neo,2016,Narrow
NKS129,NKS,A319,2017,Narrow
NKS468,NKS,A319,2010,Narrow
NKS912,NKS,A319,2013,Narrow
DAL420,DAL,A320,2007,Narrow
JBU173,JBU,A321,2010,Wide
DAL639,DAL,A320,2016,Narrow
JBU360,JBU,A321,2016,Wide
AAL252,AAL,B737-800,2011,Narrow
DAL574,DAL,A320,2017,Narrow
SWA418,SWA,B737-MAX,2014,Narrow
DAL555,DAL,A320,2012,Narrow
NKS251,NKS,A319,2018,Narrow
NKS859,NKS,A319,2010,Narrow
NKS706,NKS,A319,2009,Narrow
NKS722,NKS,A319,2007,Narrow
DAL572,DAL,A320,2006,Narrow
JBU577,JBU,A321,2020,Wide
DAL130,DAL,A320,2011,Narrow
DAL332,DAL,A320,2010,Narrow
SWA850,SWA,B737-MAX,2014,Narrow
DAL204,DAL,A320,2005,Narrow
JBU852,JBU,A321,2019,Wide
AAL807,AAL,B737-800,2012,Narrow
SWA996,SWA,B737-MAX,2015,Narrow
SWA670,SWA,B737-MAX,2017,Narrow
DAL923,DAL,A320,2007,Narrow
JBU754,JBU,A321,2018,Wide
DAL856,DAL,A320,2021,Narrow
NKS917,NKS,A319,2009,Narrow
UAL141,UAL,B757,2008,Wide
JBU428,JBU,A321,2013,Wide
FFT638,FFT,A320neo,2017,Narrow
AAL947,AAL,B737-800,2018,Narrow
JBU951,JBU,A321,2020,Wide
FFT843,FFT,A320neo,2011,Narrow
DAL975,DAL,A320,2008,Narrow
DAL931,DAL,A320,2020,Narrow
UAL247,UAL,B757,2011,Wide
JBU799,JBU,A321,2005,Wide
DAL896,DAL,A320,2013,Narrow
FFT721,FFT,A320neo,2016,Narrow
SWA854,SWA,B737-MAX,2013,Narrow
UAL553,UAL,B757,2007,Wide
SWA222,SWA,B737-MAX,2016,Narrow
NKS197,NKS,A319,2008,Narrow
NKS116,NKS,A319,2005,Narrow
DAL933,DAL,A320,2017,Narrow
JBU133,JBU,A321,2009,Wide
NKS985,NKS,A319,2016,Narrow
SWA586,SWA,B737-MAX,2018,Narrow
FFT678,FFT,A320neo,2021,Narrow
JBU886,JBU,A321,2006,Wide
SWA256,SWA,B737-MAX,2007,Narrow
DAL436,DAL,A320,2007,Narrow
AAL652,AAL,B737-800,2018,Narrow
DAL202,DAL,A320,2012,Narrow
AAL435,AAL,B737-800,2008,Narrow
JBU866,JBU,A321,2005,Wide
DAL123,DAL,A320,2010,Narrow
AAL501,AAL,B737-800,2014,Narrow
SWA412,SWA,B737-MAX,2014,Narrow
SWA154,SWA,B737-MAX,2014,Narrow
DAL722,DAL,A320,2018,Narrow
SWA909,SWA,B737-MAX,2020,Narrow
NKS875,NKS,A319,2008,Narrow
AAL509,AAL,B737-800,2008,Narrow
FFT225,FFT,A320neo,2021,Narrow
FFT247,FFT,A320neo,2006,Narrow
JBU784,JBU,A321,2014,Wide
SWA714,SWA,B737-MAX,2012,Narrow
UAL569,UAL,B757,2006,Wide
NKS432,NKS,A319,2016,Narrow
NKS991,NKS,A319,2012,Narrow
JBU710,JBU,A321,2017,Wide
FFT882,FFT,A320neo,2011,Narrow
FFT287,FFT,A320neo,2014,Narrow
AAL374,AAL,B737-800,2014,Narrow
AAL611,AAL,B737-800,2005,Narrow
AAL918,AAL,B737-800,2014,Narrow
SWA584,SWA,B737-MAX,2017,Narrow
SWA331,SWA,B737-MAX,2021,Narrow
SWA700,SWA,B737-MAX,2015,Narrow
AAL955,AAL,B737-800,2016,Narrow
FFT716,FFT,A320neo,2010,Narrow
AAL106,AAL,B737-800,2019,Narrow
DAL756,DAL,A320,2019,Narrow
SWA474,SWA,B737-MAX,2013,Narrow
AAL963,AAL,B737-800,2005,Narrow
SWA647,SWA,B737-MAX,2015,Narrow
AAL146,AAL,B737-800,2008,Narrow
JBU703,JBU,A321,2015,Wide
UAL614,UAL,B757,2019,Wide
JBU560,JBU,A321,2014,Wide
DAL635,DAL,A320,2005,Narrow
FFT981,FFT,A320neo,2021,Narrow
UAL793,UAL,B757,2017,Wide
SWA681,SWA,B737-MAX,2009,Narrow
DAL474,DAL,A320,2014,Narrow
AAL930,AAL,B737-800,2006,Narrow
JBU302,JBU,A321,2008,Wide
DAL958,DAL,A320,2010,Narrow
JBU245,JBU,A321,2017,Wide
FFT800,FFT,A320neo,2018,Narrow
JBU924,JBU,A321,2005,Wide
UAL520,UAL,B757,2021,Wide
AAL763,AAL,B737-800,2007,Narrow
FFT484,FFT,A320neo,2008,Narrow
FFT695,FFT,A320neo,2009,Narrow
NKS999,NKS,A319,2016,Narrow
AAL544,AAL,B737-800,2019,Narrow
AAL887,AAL,B737-800,2013,Narrow
SWA386,SWA,B737-MAX,2021,Narrow
SWA633,SWA,B737-MAX,2020,Narrow
NKS237,NKS,A319,2016,Narrow
AAL670,AAL,B737-800,2020,Narrow
AAL355,AAL,B737-800,2005,Narrow
SWA130,SWA,B737-MAX,2017,Narrow
NKS381,NKS,A319,2020,Narrow
SWA769,SWA,B737-MAX,2010,Narrow
FFT501,FFT,A320neo,2021,Narrow
AAL426,AAL,B737-800,2018,Narrow
FFT495,FFT,A320neo,2021,Narrow
UAL841,UAL,B757,2014,Wide
AAL938,AAL,B737-800,2009,Narrow
UAL113,UAL,B757,2010,Wide
JBU855,JBU,A321,2012,Wide
DAL146,DAL,A320,2015,Narrow
DAL424,DAL,A320,2005,Narrow
UAL477,UAL,B757,2011,Wide
UAL778,UAL,B757,2021,Wide
SWA713,SWA,B737-MAX,2008,Narrow
NKS699,NKS,A319,2018,Narrow
DAL385,DAL,A320,2014,Narrow
JBU315,JBU,A321,2007,Wide
SWA562,SWA,B737-MAX,2012,Narrow
NKS715,NKS,A319,2011,Narrow
NKS133,NKS,A319,2014,Narrow
JBU932,JBU,A321,2015,Wide
UAL112,UAL,B757,2010,Wide
DAL532,DAL,A320,2008,Narrow
NKS135,NKS,A319,2020,Narrow
NKS602,NKS,A319,2011,Narrow
DAL583,DAL,A320,2006,Narrow
DAL121,DAL,A320,2006,Narrow
UAL502,UAL,B757,2008,Wide
AAL689,AAL,B737-800,2005,Narrow
UAL856,UAL,B757,2021,Wide
SWA789,SWA,B737-MAX,2018,Narrow
FFT335,FFT,A320neo,2021,Narrow
NKS112,NKS,A319,2006,Narrow
DAL942,DAL,A320,2021,Narrow
AAL745,AAL,B737-800,2009,Narrow
DAL559,DAL,A320,2014,Narrow
DAL343,DAL,A320,2019,Narrow
AAL622,AAL,B737-800,2011,Narrow
DAL953,DAL,A320,2013,Narrow
DAL104,DAL,A320,2014,Narrow
UAL630,UAL,B757,2009,Wide
FFT831,FFT,A320neo,2016,Narrow
DAL271,DAL,A320,2017,Narrow
JBU816,JBU,A321,2015,Wide
FFT102,FFT,A320neo,2015,Narrow
SWA110,SWA,B737-MAX,2007,Narrow
DAL317,DAL,A320,2005,Narrow
NKS752,NKS,A319,2005,Narrow
AAL376,AAL,B737-800,2014,Narrow
AAL168,AAL,B737-800,2017,Narrow
NKS301,NKS,A319,2005,Narrow
NKS527,NKS,A319,2007,Narrow
FFT574,FFT,A320neo,2015,Narrow
DAL742,DAL,A320,2016,Narrow
AAL694,AAL,B737-800,2007,Narrow
SWA325,SWA,B737-MAX,2008,Narrow
SWA438,SWA,B737-MAX,2009,Narrow
UAL636,UAL,B757,2006,Wide
NKS362,NKS,A319,2013,Narrow
UAL437,UAL,B757,2011,Wide
UAL986,UAL,B757,2014,Wide
JBU518,JBU,A321,2006,Wide
JBU254,JBU,A321,2021,Wide
FFT451,FFT,A320neo,2006,Narrow
FFT617,FFT,A320neo,2010,Narrow
AAL162,AAL,B737-800,2007,Narrow
AAL439,AAL,B737-800,2008,Narrow
NKS704,NKS,A319,2013,Narrow
SWA800,SWA,B737-MAX,2015,Narrow
JBU701,JBU,A321,2020,Wide
SWA267,SWA,B737-MAX,2013,Narrow
AAL442,AAL,B737-800,2007,Narrow
AAL272,AAL,B737-800,2007,Narrow
UAL472,UAL,B757,2013,Wide
JBU937,JBU,A321,2013,Wide
AAL366,AAL,B737-800,2009,Narrow
UAL529,UAL,B757,2018,Wide
DAL374,DAL,A320,2015,Narrow
JBU200,JBU,A321,2009,Wide
JBU484,JBU,A321,2006,Wide
DAL431,DAL,A320,2005,Narrow
FFT208,FFT,A320neo,2005,Narrow
UAL122,UAL,B757,2010,Wide
JBU674,JBU,A321,2007,Wide
AAL148,AAL,B737-800,2021,Narrow
UAL332,UAL,B757,2009,Wide
NKS580,NKS,A319,2016,Narrow
NKS169,NKS,A319,2011,Narrow
JBU540,JBU,A321,2021,Wide
DAL140,DAL,A320,2020,Narrow
DAL310,DAL,A320,2013,Narrow
NKS334,NKS,A319,2009,Narrow
UAL981,UAL,B757,2019,Wide
DAL169,DAL,A320,2014,Narrow
UAL905,UAL,B757,2016,Wide
JBU111,JBU,A321,2019,Wide
FFT578,FFT,A320neo,2018,Narrow
UAL210,UAL,B757,2019,Wide
SWA882,SWA,B737-MAX,2021,Narrow
UAL468,UAL,B757,2021,Wide
NKS545,NKS,A319,2020,Narrow
DAL408,DAL,A320,2007,Narrow
AAL903,AAL,B737-800,2018,Narrow
FFT298,FFT,A320neo,2016,Narrow
NKS188,NKS,A319,2007,Narrow
SWA273,SWA,B737-MAX,2014,Narrow
SWA172,SWA,B737-MAX,2016,Narrow
NKS544,NKS,A319,2005,Narrow
UAL669,UAL,B757,2014,Wide
NKS950,NKS,A319,2005,Narrow
JBU146,JBU,A321,2016,Wide
DAL443,DAL,A320,2007,Narrow
NKS201,NKS,A319,2017,Narrow
DAL336,DAL,A320,2019,Narrow
JBU692,JBU,A321,2014,Wide
UAL205,UAL,B757,2007,Wide
JBU145,JBU,A321,2018,Wide
FFT382,FFT,A320neo,2020,Narrow
DAL427,DAL,A320,2015,Narrow
SWA601,SWA,B737-MAX,2011,Narrow
UAL394,UAL,B757,2016,Wide
FFT411,FFT,A320neo,2015,Narrow
DAL208,DAL,A320,2016,Narrow
SWA870,SWA,B737-MAX,2012,Narrow
NKS989,NKS,A319,2014,Narrow
DAL992,DAL,A320,2016,Narrow
DAL877,DAL,A320,2007,Narrow
NKS711,NKS,A319,2019,Narrow
DAL238,DAL,A320,2006,Narrow
SWA201,SWA,B737-MAX,2014,Narrow
FFT782,FFT,A320neo,2006,Narrow
DAL842,DAL,A320,2011,Narrow
FFT245,FFT,A320neo,2017,Narrow
UAL463,UAL,B757,2007,Wide
AAL512,AAL,B737-800,2019,Narrow
UAL763,UAL,B757,2020,Wide
JBU256,JBU,A321,2013,Wide
FFT631,FFT,A320neo,2014,Narrow
FFT753,FFT,A320neo,2010,Narrow
SWA299,SWA,B737-MAX,2013,Narrow
NKS740,NKS,A319,2008,Narrow
FFT408,FFT,A320neo,2016,Narrow
SWA861,SWA,B737-MAX,2013,Narrow
SWA646,SWA,B737-MAX,2010,Narrow
DAL640,DAL,A320,2014,Narrow
SWA738,SWA,B737-MAX,2008,Narrow
SWA380,SWA,B737-MAX,2008,Narrow
AAL674,AAL,B737-800,2020,Narrow
NKS669,NKS,A319,2015,Narrow
DAL854,DAL,A320,2014,Narrow
SWA961,SWA,B737-MAX,2008,Narrow
NKS393,NKS,A319,2018,Narrow
SWA111,SWA,B737-MAX,2013,Narrow
FFT246,FFT,A320neo,2021,Narrow
DAL693,DAL,A320,2018,Narrow
AAL843,AAL,B737-800,2017,Narrow
AAL762,AAL,B737-800,2019,Narrow
NKS240,NKS,A319,2012,Narrow
UAL121,UAL,B757,2019,Wide
SWA518,SWA,B737-MAX,2008,Narrow
FFT996,FFT,A320neo,2012,Narrow
DAL342,DAL,A320,2008,Narrow
FFT680,FFT,A320neo,2018,Narrow
JBU487,JBU,A321,2016,Wide
DAL506,DAL,A320,2006,Narrow
SWA483,SWA,B737-MAX,2014,Narrow
JBU883,JBU,A321,2010,Wide
SWA764,SWA,B737-MAX,2020,Narrow
SWA743,SWA,B737-MAX,2013,Narrow
JBU489,JBU,A321,2007,Wide
SWA286,SWA,B737-MAX,2008,Narrow
UAL324,UAL,B757,2017,Wide
NKS644,NKS,A319,2015,Narrow
JBU110,JBU,A321,2019,Wide
AAL167,AAL,B737-800,2005,Narrow
UAL993,UAL,B757,2015,Wide
JBU215,JBU,A321,2013,Wide
UAL852,UAL,B757,2005,Wide
AAL137,AAL,B737-800,2011,Narrow
UAL769,UAL,B757,2021,Wide
FFT336,FFT,A320neo,2013,Narrow
SWA797,SWA,B737-MAX,2006,Narrow
NKS379,NKS,A319,2018,Narrow
JBU476,JBU,A321,2006,Wide
DAL384,DAL,A320,2007,Narrow
UAL500,UAL,B757,2008,Wide
AAL340,AAL,B737-800,2007,Narrow
UAL794,UAL,B757,2015,Wide
SWA902,SWA,B737-MAX,2019,Narrow
FFT457,FFT,A320neo,2016,Narrow
NKS331,NKS,A319,2010,Narrow
SWA937,SWA,B737-MAX,2021,Narrow
UAL333,UAL,B757,2005,Wide
JBU907,JBU,A321,2018,Wide
NKS227,NKS,A319,2019,Narrow
AAL985,AAL,B737-800,2020,Narrow
UAL442,UAL,B757,2012,Wide
NKS777,NKS,A319,2006,Narrow
UAL341,UAL,B757,2010,Wide
FFT668,FFT,A320neo,2020,Narrow
NKS236,NKS,A319,2005,Narrow
AAL408,AAL,B737-800,2016,Narrow
AAL550,AAL,B737-800,2014,Narrow
NKS202,NKS,A319,2006,Narrow
UAL173,UAL,B757,2016,Wide
SWA488,SWA,B737-MAX,2018,Narrow
UAL945,UAL,B757,2014,Wide
NKS106,NKS,A319,2012,Narrow
SWA717,SWA,B737-MAX,2018,Narrow
UAL742,UAL,B757,2006,Wide
SWA118,SWA,B737-MAX,2015,Narrow
AAL139,AAL,B737-800,2012,Narrow
NKS225,NKS,A319,2014,Narrow
UAL207,UAL,B757,2009,Wide
JBU236,JBU,A321,2006,Wide
JBU239,JBU,A321,2014,Wide
NKS559,NKS,A319,2011,Narrow
JBU395,JBU,A321,2005,Wide
FFT633,FFT,A320neo,2015,Narrow
UAL118,UAL,B757,2008,Wide
JBU640,JBU,A321,2009,Wide
AAL497,AAL,B737-800,2019,Narrow
UAL664,UAL,B757,2005,Wide
SWA470,SWA,B737-MAX,2014,Narrow
FFT629,FFT,A320neo,2019,Narrow
NKS123,NKS,A319,2019,Narrow
AAL845,AAL,B737-800,2015,Narrow
UAL153,UAL,B757,2013,Wide
SWA770,SWA,B737-MAX,2011,Narrow
FFT787,FFT,A320neo,2005,Narrow
FFT819,FFT,A320neo,2015,Narrow
UAL497,UAL,B757,2011,Wide
DAL997,DAL,A320,2015,Narrow
SWA317,SWA,B737-MAX,2005,Narrow
NKS427,NKS,A319,2013,Narrow
AAL323,AAL,B737-800,2007,Narrow
JBU268,JBU,A321,2005,Wide
UAL418,UAL,B757,2019,Wide
JBU392,JBU,A321,2007,Wide
SWA524,SWA,B737-MAX,2013,Narrow
DAL117,DAL,A320,2008,Narrow
DAL148,DAL,A320,2021,Narrow
FFT116,FFT,A320neo,2021,Narrow
AAL957,AAL,B737-800,2016,Narrow
AAL849,AAL,B737-800,2017,Narrow
AAL714,AAL,B737-800,2005,Narrow
NKS305,NKS,A319,2009,Narrow
DAL198,DAL,A320,2015,Narrow
UAL985,UAL,B757,2015,Wide
SWA450,SWA,B737-MAX,2007,Narrow
NKS413,NKS,A319,2019,Narrow
DAL491,DAL,A320,2016,Narrow
AAL899,AAL,B737-800,2011,Narrow
JBU733,JBU,A321,2015,Wide
NKS409,NKS,A319,2005,Narrow
JBU704,JBU,A321,2009,Wide
UAL373,UAL,B757,2021,Wide
SWA857,SWA,B737-MAX,2015,Narrow
FFT554,FFT,A320neo,2012,Narrow
AAL102,AAL,B737-800,2008,Narrow
SWA355,SWA,B737-MAX,2011,Narrow
JBU908,JBU,A321,2018,Wide
SWA339,SWA,B737-MAX,2012,Narrow
SWA335,SWA,B737-MAX,2015,Narrow
FFT366,FFT,A320neo,2013,Narrow
FFT847,FFT,A320neo,2019,Narrow
JBU452,JBU,A321,2018,Wide
SWA199,SWA,B737-MAX,2015,Narrow
JBU262,JBU,A321,2011,Wide
FFT749,FFT,A320neo,2017,Narrow
UAL364,UAL,B757,2013,Wide
JBU732,JBU,A321,2019,Wide
AAL750,AAL,B737-800,2014,Narrow
AAL239,AAL,B737-800,2016,Narrow
FFT331,FFT,A320neo,2018,Narrow
FFT351,FFT,A320neo,2008,Narrow
AAL414,AAL,B737-800,2012,Narrow
AAL416,AAL,B737-800,2014,Narrow
JBU308,JBU,A321,2015,Wide
UAL712,UAL,B757,2006,Wide
SWA546,SWA,B737-MAX,2017,Narrow
AAL404,AAL,B737-800,2012,Narrow
SWA403,SWA,B737-MAX,2015,Narrow
FFT365,FFT,A320neo,2006,Narrow
NKS710,NKS,A319,2005,Narrow
DAL921,DAL,A320,2010,Narrow
JBU786,JBU,A321,2006,Wide
FFT956,FFT,A320neo,2014,Narrow
DAL901,DAL,A320,2018,Narrow
SWA481,SWA,B737-MAX,2019,Narrow
NKS768,NKS,A319,2005,Narrow
UAL864,UAL,B757,2018,Wide
AAL280,AAL,B737-800,2014,Narrow
JBU874,JBU,A321,2020,Wide
AAL575,AAL,B737-800,2006,Narrow
UAL623,UAL,B757,2006,Wide
FFT342,FFT,A320neo,2017,Narrow
NKS252,NKS,A319,2014,Narrow
JBU648,JBU,A321,2008,Wide
DAL480,DAL,A320,2013,Narrow
JBU469,JBU,A321,2015,Wide
FFT424,FFT,A320neo,2008,Narrow
FFT845,FFT,A320neo,2013,Narrow
DAL925,DAL,A320,2014,Narrow
AAL458,AAL,B737-800,2010,Narrow
NKS538,NKS,A319,2019,Narrow
NKS873,NKS,A319,2008,Narrow
FFT367,FFT,A320neo,2013,Narrow
DAL763,DAL,A320,2008,Narrow
DAL397,DAL,A320,2013,Narrow
SWA506,SWA,B737-MAX,2008,Narrow
DAL839,DAL,A320,2007,Narrow
FFT872,FFT,A320neo,2009,Narrow
SWA575,SWA,B737-MAX,2021,Narrow
JBU620,JBU,A321,2007,Wide
NKS439,NKS,A319,2017,Narrow
FFT909,FFT,A320neo,2021,Narrow
JBU896,JBU,A321,2021,Wide
FFT155,FFT,A320neo,2014,Narrow
FFT555,FFT,A320neo,2015,Narrow
DAL376,DAL,A320,2007,Narrow
JBU783,JBU,A321,2011,Wide
SWA548,SWA,B737-MAX,2006,Narrow
NKS520,NKS,A319,2008,Narrow
SWA265,SWA,B737-MAX,2012,Narrow
NKS374,NKS,A319,2007,Narrow
NKS854,NKS,A319,2006,Narrow
FFT873,FFT,A320neo,2013,Narrow
NKS537,NKS,A319,2018,Narrow
UAL350,UAL,B757,2006,Wide
DAL876,DAL,A320,2010,Narrow
AAL868,AAL,B737-800,2012,Narrow
JBU651,JBU,A321,2006,Wide
AAL450,AAL,B737-800,2012,Narrow
SWA744,SWA,B737-MAX,2020,Narrow
DAL478,DAL,A320,2021,Narrow
SWA247,SWA,B737-MAX,2021,Narrow
UAL915,UAL,B757,2011,Wide
AAL308,AAL,B737-800,2012,Narrow
FFT170,FFT,A320neo,2020,Narrow
DAL719,DAL,A320,2009,Narrow
SWA180,SWA,B737-MAX,2006,Narrow
DAL106,DAL,A320,2012,Narrow
AAL956,AAL,B737-800,2017,Narrow
JBU900,JBU,A321,2007,Wide
AAL662,AAL,B737-800,2020,Narrow
SWA129,SWA,B737-MAX,2009,Narrow
FFT857,FFT,A320neo,2017,Narrow
UAL592,UAL,B757,2015,Wide
UAL319,UAL,B757,2007,Wide
SWA720,SWA,B737-MAX,2015,Narrow
FFT316,FFT,A320neo,2016,Narrow
SWA449,SWA,B737-MAX,2013,Narrow
JBU613,JBU,A321,2007,Wide
JBU365,JBU,A321,2013,Wide
JBU740,JBU,A321,2007,Wide
AAL241,AAL,B737-800,2013,Narrow
FFT832,FFT,A320neo,2018,Narrow
JBU974,JBU,A321,2007,Wide
NKS437,NKS,A319,2013,Narrow
DAL452,DAL,A320,2009,Narrow
SWA477,SWA,B737-MAX,2019,Narrow
NKS857,NKS,A319,2011,Narrow
JBU425,JBU,A321,2009,Wide
AAL401,AAL,B737-800,2007,Narrow
NKS154,NKS,A319,2016,Narrow
SWA391,SWA,B737-MAX,2006,Narrow
NKS929,NKS,A319,2016,Narrow
DAL358,DAL,A320,2019,Narrow
UAL918,UAL,B757,2007,Wide
AAL859,AAL,B737-800,2018,Narrow
DAL101,DAL,A320,2009,Narrow
UAL516,UAL,B757,2010,Wide
AAL893,AAL,B737-800,2021,Narrow
JBU259,JBU,A321,2007,Wide
UAL482,UAL,B757,2009,Wide
SWA302,SWA,B737-MAX,2007,Narrow
NKS101,NKS,A319,2007,Narrow
SWA790,SWA,B737-MAX,2012,Narrow
FFT176,FFT,A320neo,2008,Narrow
NKS901,NKS,A319,2011,Narrow
DAL939,DAL,A320,2021,Narrow
UAL638,UAL,B757,2007,Wide
DAL230,DAL,A320,2014,Narrow
FFT732,FFT,A320neo,2007,Narrow
AAL844,AAL,B737-800,2016,Narrow
AAL467,AAL,B737-800,2005,Narrow
NKS982,NKS,A319,2015,Narrow
SWA983,SWA,B737-MAX,2020,Narrow
FFT500,FFT,A320neo,2021,Narrow
AAL582,AAL,B737-800,2011,Narrow
SWA729,SWA,B737-MAX,2005,Narrow
JBU743,JBU,A321,2015,Wide
SWA270,SWA,B737-MAX,2008,Narrow
JBU663,JBU,A321,2011,Wide
AAL490,AAL,B737-800,2008,Narrow
NKS599,NKS,A319,2012,Narrow
DAL850,DAL,A320,2018,Narrow
FFT990,FFT,A320neo,2009,Narrow
JBU220,JBU,A321,2018,Wide
DAL843,DAL,A320,2018,Narrow
AAL506,AAL,B737-800,2015,Narrow
JBU289,JBU,A321,2011,Wide
SWA677,SWA,B737-MAX,2021,Narrow
UAL429,UAL,B757,2012,Wide
SWA695,SWA,B737-MAX,2005,Narrow
UAL952,UAL,B757,2014,Wide
UAL163,UAL,B757,2009,Wide
SWA485,SWA,B737-MAX,2007,Narrow
UAL106,UAL,B757,2006,Wide
NKS593,NKS,A319,2008,Narrow
UAL297,UAL,B757,2016,Wide
AAL774,AAL,B737-800,2014,Narrow
JBU958,JBU,A321,2010,Wide
SWA970,SWA,B737-MAX,2011,Narrow
NKS303,NKS,A319,2012,Narrow
JBU877,JBU,A321,2018,Wide
UAL220,UAL,B757,2012,Wide
AAL742,AAL,B737-800,2009,Narrow
JBU416,JBU,A321,2013,Wide
JBU681,JBU,A321,2008,Wide
JBU109,JBU,A321,2010,Wide
JBU737,JBU,A321,2017,Wide
JBU716,JBU,A321,2015,Wide
UAL127,UAL,B757,2012,Wide
UAL522,UAL,B757,2015,Wide
FFT254,FFT,A320neo,2011,Narrow
AAL752,AAL,B737-800,2005,Narrow
NKS983,NKS,A319,2009,Narrow
DAL191,DAL,A320,2015,Narrow
UAL358,UAL,B757,2020,Wide
AAL446,AAL,B737-800,2012,Narrow
JBU455,JBU,A321,2018,Wide
JBU629,JBU,A321,2014,Wide
UAL292,UAL,B757,2009,Wide
UAL273,UAL,B757,2007,Wide
SWA581,SWA,B737-MAX,2018,Narrow
FFT914,FFT,A320neo,2016,Narrow
AAL208,AAL,B737-800,2017,Narrow
DAL697,DAL,A320,2012,Narrow
SWA923,SWA,B737-MAX,2013,Narrow
JBU368,JBU,A321,2020,Wide
JBU875,JBU,A321,2016,Wide
JBU892,JBU,A321,2008,Wide
FFT720,FFT,A320neo,2021,Narrow
AAL412,AAL,B737-800,2013,Narrow
JBU233,JBU,A321,2005,Wide
DAL688,DAL,A320,2021,Narrow
FFT161,FFT,A320neo,2010,Narrow
JBU157,JBU,A321,2006,Wide
AAL894,AAL,B737-800,2006,Narrow
UAL621,UAL,B757,2007,Wide
JBU228,JBU,A321,2016,Wide
AAL602,AAL,B737-800,2008,Narrow
JBU324,JBU,A321,2011,Wide
FFT163,FFT,A320neo,2011,Narrow
DAL641,DAL,A320,2016,Narrow
DAL345,DAL,A320,2015,Narrow
NKS275,NKS,A319,2012,Narrow
DAL672,DAL,A320,2008,Narrow
FFT455,FFT,A320neo,2016,Narrow
DAL810,DAL,A320,2013,Narrow
SWA960,SWA,B737-MAX,2021,Narrow
FFT895,FFT,A320neo,2009,Narrow
FFT550,FFT,A320neo,2007,Narrow
NKS799,NKS,A319,2017,Narrow
DAL653,DAL,A320,2010,Narrow
FFT445,FFT,A320neo,2021,Narrow
AAL953,AAL,B737-800,2014,Narrow
SWA354,SWA,B737-MAX,2017,Narrow
UAL267,UAL,B757,2008,Wide
NKS514,NKS,A319,2016,Narrow
FFT444,FFT,A320neo,2021,Narrow
NKS488,NKS,A319,2020,Narrow
JBU295,JBU,A321,2014,Wide
JBU265,JBU,A321,2007,Wide
AAL178,AAL,B737-800,2009,Narrow
JBU696,JBU,A321,2005,Wide
UAL583,UAL,B757,2014,Wide
UAL820,UAL,B757,2013,Wide
UAL406,UAL,B757,2008,Wide
DAL181,DAL,A320,2007,Narrow
UAL228,UAL,B757,2009,Wide
FFT241,FFT,A320neo,2016,Narrow
AAL268,AAL,B737-800,2009,Narrow
NKS970,NKS,A319,2006,Narrow
DAL698,DAL,A320,2021,Narrow
DAL278,DAL,A320,2005,Narrow
SWA304,SWA,B737-MAX,2005,Narrow
UAL919,UAL,B757,2017,Wide
UAL424,UAL,B757,2009,Wide
SWA108,SWA,B737-MAX,2007,Narrow
SWA806,SWA,B737-MAX,2009,Narrow
NKS128,NKS,A319,2010,Narrow
SWA639,SWA,B737-MAX,2014,Narrow
AAL729,AAL,B737-800,2010,Narrow
FFT383,FFT,A320neo,2013,Narrow
FFT483,FFT,A320neo,2011,Narrow
AAL701,AAL,B737-800,2015,Narrow
UAL699,UAL,B757,2018,Wide
DAL870,DAL,A320,2013,Narrow
SWA995,SWA,B737-MAX,2021,Narrow
NKS613,NKS,A319,2010,Narrow
NKS487,NKS,A319,2014,Narrow
FFT779,FFT,A320neo,2015,Narrow
NKS869,NKS,A319,2018,Narrow
AAL854,AAL,B737-800,2017,Narrow
FFT195,FFT,A320neo,2005,Narrow
SWA278,SWA,B737-MAX,2015,Narrow
DAL501,DAL,A320,2019,Narrow
UAL953,UAL,B757,2017,Wide
UAL378,UAL,B757,2009,Wide
SWA643,SWA,B737-MAX,2015,Narrow
JBU204,JBU,A321,2016,Wide
DAL242,DAL,A320,2011,Narrow
JBU522,JBU,A321,2009,Wide
SWA135,SWA,B737-MAX,2006,Narrow
AAL566,AAL,B737-800,2008,Narrow
UAL193,UAL,B757,2021,Wide
UAL160,UAL,B757,2015,Wide
SWA539,SWA,B737-MAX,2020,Narrow
FFT373,FFT,A320neo,2010,Narrow
SWA855,SWA,B737-MAX,2018,Narrow
NKS433,NKS,A319,2018,Narrow
SWA878,SWA,B737-MAX,2005,Narrow
JBU252,JBU,A321,2005,Wide
UAL230,UAL,B757,2014,Wide
DAL878,DAL,A320,2014,Narrow
UAL593,UAL,B757,2009,Wide
DAL950,DAL,A320,2012,Narrow
AAL966,AAL,B737-800,2007,Narrow
JBU566,JBU,A321,2015,Wide
AAL998,AAL,B737-800,2012,Narrow
DAL553,DAL,A320,2007,Narrow
AAL605,AAL,B737-800,2007,Narrow
DAL507,DAL,A320,2005,Narrow
SWA459,SWA,B737-MAX,2006,Narrow
UAL874,UAL,B757,2013,Wide
JBU579,JBU,A321,2010,Wide
JBU280,JBU,A321,2017,Wide
DAL567,DAL,A320,2007,Narrow
NKS550,NKS,A319,2009,Narrow
FFT690,FFT,A320neo,2020,Narrow
FFT510,FFT,A320neo,2007,Narrow
AAL406,AAL,B737-800,2009,Narrow
UAL760,UAL,B757,2009,Wide
SWA751,SWA,B737-MAX,2017,Narrow
DAL721,DAL,A320,2015,Narrow
FFT131,FFT,A320neo,2005,Narrow
SWA661,SWA,B737-MAX,2020,Narrow
UAL460,UAL,B757,2010,Wide
JBU574,JBU,A321,2016,Wide
JBU519,JBU,A321,2010,Wide
SWA287,SWA,B737-MAX,2005,Narrow
JBU761,JBU,A321,2017,Wide
JBU688,JBU,A321,2006,Wide
DAL813,DAL,A320,2005,Narrow
DAL370,DAL,A320,2007,Narrow
AAL857,AAL,B737-800,2021,Narrow
DAL440,DAL,A320,2020,Narrow
JBU251,JBU,A321,2019,Wide
FFT887,FFT,A320neo,2016,Narrow
DAL711,DAL,A320,2019,Narrow
AAL842,AAL,B737-800,2014,Narrow
FFT907,FFT,A320neo,2019,Narrow
FFT961,FFT,A320neo,2016,Narrow
NKS546,NKS,A319,2009,Narrow
NKS356,NKS,A319,2017,Narrow
NKS553,NKS,A319,2010,Narrow
DAL603,DAL,A320,2007,Narrow
NKS766,NKS,A319,2016,Narrow
SWA300,SWA,B737-MAX,2020,Narrow
AAL909,AAL,B737-800,2014,Narrow
AAL505,AAL,B737-800,2017,Narrow
FFT741,FFT,A320neo,2019,Narrow
JBU711,JBU,A321,2017,Wide
FFT715,FFT,A320neo,2015,Narrow
FFT177,FFT,A320neo,2011,Narrow
FFT985,FFT,A320neo,2010,Narrow
UAL306,UAL,B757,2016,Wide
FFT901,FFT,A320neo,2014,Narrow
UAL577,UAL,B757,2010,Wide
SWA175,SWA,B737-MAX,2020,Narrow
NKS759,NKS,A319,2011,Narrow
JBU726,JBU,A321,2021,Wide
NKS607,NKS,A319,2005,Narrow
DAL331,DAL,A320,2021,Narrow
JBU839,JBU,A321,2019,Wide
SWA712,SWA,B737-MAX,2017,Narrow
SWA990,SWA,B737-MAX,2017,Narrow
UAL235,UAL,B757,2010,Wide
AAL534,AAL,B737-800,2020,Narrow
NKS570,NKS,A319,2020,Narrow
SWA792,SWA,B737-MAX,2013,Narrow
UAL446,UAL,B757,2005,Wide
AAL753,AAL,B737-800,2012,Narrow
DAL211,DAL,A320,2014,Narrow
NKS390,NKS,A319,2021,Narrow
SWA805,SWA,B737-MAX,2014,Narrow
DAL367,DAL,A320,2020,Narrow
SWA452,SWA,B737-MAX,2012,Narrow
FFT189,FFT,A320neo,2009,Narrow
NKS756,NKS,A319,2020,Narrow
FFT530,FFT,A320neo,2014,Narrow
FFT813,FFT,A320neo,2008,Narrow
SWA895,SWA,B737-MAX,2016,Narrow
AAL891,AAL,B737-800,2017,Narrow
UAL713,UAL,B757,2016,Wide
NKS920,NKS,A319,2007,Narrow
SWA109,SWA,B737-MAX,2005,Narrow
UAL484,UAL,B757,2011,Wide
FFT540,FFT,A320neo,2007,Narrow
SWA233,SWA,B737-MAX,2009,Narrow
FFT727,FFT,A320neo,2015,Narrow
DAL165,DAL,A320,2012,Narrow
NKS646,NKS,A319,2019,Narrow
UAL556,UAL,B757,2014,Wide
NKS156,NKS,A319,2009,Narrow
FFT793,FFT,A320neo,2021,Narrow
AAL649,AAL,B737-800,2017,Narrow
NKS604,NKS,A319,2021,Narrow
NKS291,NKS,A319,2015,Narrow
JBU992,JBU,A321,2014,Wide
NKS486,NKS,A319,2012,Narrow
SWA384,SWA,B737-MAX,2005,Narrow
FFT203,FFT,A320neo,2015,Narrow
FFT790,FFT,A320neo,2008,Narrow
SWA587,SWA,B737-MAX,2008,Narrow
JBU841,JBU,A321,2020,Wide
UAL354,UAL,B757,2010,Wide
DAL924,DAL,A320,2006,Narrow
JBU684,JBU,A321,2006,Wide
UAL466,UAL,B757,2014,Wide
JBU952,JBU,A321,2011,Wide
UAL156,UAL,B757,2021,Wide
JBU709,JBU,A321,2009,Wide
NKS122,NKS,A319,2007,Narrow
UAL550,UAL,B757,2007,Wide
NKS146,NKS,A319,2018,Narrow
DAL188,DAL,A320,2013,Narrow
SWA914,SWA,B737-MAX,2007,Narrow
DAL767,DAL,A320,2012,Narrow
DAL934,DAL,A320,2013,Narrow
JBU831,JBU,A321,2013,Wide
SWA224,SWA,B737-MAX,2018,Narrow
NKS928,NKS,A319,2018,Narrow
NKS947,NKS,A319,2018,Narrow
SWA394,SWA,B737-MAX,2006,Narrow
AAL370,AAL,B737-800,2005,Narrow
AAL710,AAL,B737-800,2017,Narrow
UAL748,UAL,B757,2006,Wide
NKS918,NKS,A319,2013,Narrow
NKS498,NKS,A319,2018,Narrow
UAL964,UAL,B757,2016,Wide
NKS407,NKS,A319,2019,Narrow
FFT888,FFT,A320neo,2007,Narrow
FFT702,FFT,A320neo,2005,Narrow
FFT657,FFT,A320neo,2008,Narrow
AAL429,AAL,B737-800,2016,Narrow
DAL313,DAL,A320,2007,Narrow
FFT512,FFT,A320neo,2017,Narrow
AAL672,AAL,B737-800,2019,Narrow
NKS211,NKS,A319,2019,Narrow
FFT971,FFT,A320neo,2019,Narrow
AAL405,AAL,B737-800,2005,Narrow
JBU330,JBU,A321,2006,Wide
AAL703,AAL,B737-800,2019,Narrow
UAL464,UAL,B757,2020,Wide
DAL552,DAL,A320,2021,Narrow
AAL948,AAL,B737-800,2020,Narrow
DAL682,DAL,A320,2007,Narrow
NKS278,NKS,A319,2011,Narrow
SWA858,SWA,B737-MAX,2010,Narrow
FFT866,FFT,A320neo,2012,Narrow
UAL725,UAL,B757,2012,Wide
JBU257,JBU,A321,2019,Wide
NKS526,NKS,A319,2011,Narrow
FFT933,FFT,A320neo,2020,Narrow
FFT290,FFT,A320neo,2013,Narrow
SWA885,SWA,B737-MAX,2015,Narrow
AAL485,AAL,B737-800,2017,Narrow
SWA221,SWA,B737-MAX,2010,Narrow
SWA197,SWA,B737-MAX,2018,Narrow
FFT904,FFT,A320neo,2018,Narrow
FFT511,FFT,A320neo,2005,Narrow
SWA572,SWA,B737-MAX,2018,Narrow
JBU142,JBU,A321,2021,Wide
UAL312,UAL,B757,2018,Wide
FFT285,FFT,A320neo,2005,Narrow
NKS417,NKS,A319,2006,Narrow
UAL846,UAL,B757,2015,Wide
DAL687,DAL,A320,2018,Narrow
SWA443,SWA,B737-MAX,2012,Narrow
NKS198,NKS,A319,2008,Narrow
FFT233,FFT,A320neo,2017,Narrow
NKS702,NKS,A319,2016,Narrow
JBU334,JBU,A321,2016,Wide
UAL390,UAL,B757,2017,Wide
NKS954,NKS,A319,2015,Narrow
NKS862,NKS,A319,2014,Narrow
NKS155,NKS,A319,2017,Narrow
UAL126,UAL,B757,2013,Wide
JBU964,JBU,A321,2013,Wide
JBU546,JBU,A321,2021,Wide
NKS615,NKS,A319,2009,Narrow
SWA347,SWA,B737-MAX,2018,Narrow
DAL961,DAL,A320,2008,Narrow
AAL647,AAL,B737-800,2015,Narrow
JBU996,JBU,A321,2005,Wide
FFT556,FFT,A320neo,2019,Narrow
SWA204,SWA,B737-MAX,2011,Narrow
NKS574,NKS,A319,2011,Narrow
JBU502,JBU,A321,2009,Wide
UAL754,UAL,B757,2016,Wide
FFT113,FFT,A320neo,2008,Narrow
JBU114,JBU,A321,2008,Wide
JBU633,JBU,A321,2011,Wide
SWA991,SWA,B737-MAX,2020,Narrow
DAL194,DAL,A320,2021,Narrow
SWA303,SWA,B737-MAX,2006,Narrow
DAL340,DAL,A320,2013,Narrow
AAL320,AAL,B737-800,2016,Narrow
NKS728,NKS,A319,2016,Narrow
FFT212,FFT,A320neo,2011,Narrow
NKS408,NKS,A319,2014,Narrow
AAL654,AAL,B737-800,2016,Narrow
FFT687,FFT,A320neo,2021,Narrow
UAL289,UAL,B757,2016,Wide
DAL995,DAL,A320,2012,Narrow
SWA763,SWA,B737-MAX,2010,Narrow
SWA316,SWA,B737-MAX,2012,Narrow
UAL326,UAL,B757,2015,Wide
UAL256,UAL,B757,2019,Wide
AAL276,AAL,B737-800,2012,Narrow
UAL591,UAL,B757,2006,Wide
JBU683,JBU,A321,2014,Wide
UAL552,UAL,B757,2009,Wide
JBU847,JBU,A321,2005,Wide
JBU580,JBU,A321,2009,Wide
AAL420,AAL,B737-800,2010,Narrow
NKS589,NKS,A319,2015,Narrow
JBU304,JBU,A321,2005,Wide
AAL235,AAL,B737-800,2017,Narrow
NKS914,NKS,A319,2014,Narrow
JBU787,JBU,A321,2017,Wide
UAL816,UAL,B757,2013,Wide
JBU201,JBU,A321,2011,Wide
NKS234,NKS,A319,2007,Narrow
NKS736,NKS,A319,2015,Narrow
JBU823,JBU,A321,2007,Wide
SWA901,SWA,B737-MAX,2013,Narrow
DAL520,DAL,A320,2020,Narrow
AAL236,AAL,B737-800,2011,Narrow
FFT844,FFT,A320neo,2013,Narrow
UAL342,UAL,B757,2019,Wide
UAL917,UAL,B757,2013,Wide
DAL814,DAL,A320,2012,Narrow
JBU208,JBU,A321,2017,Wide
DAL888,DAL,A320,2018,Narrow
FFT249,FFT,A320neo,2017,Narrow
DAL118,DAL,A320,2013,Narrow
FFT897,FFT,A320neo,2017,Narrow
JBU263,JBU,A321,2007,Wide
SWA308,SWA,B737-MAX,2014,Narrow
SWA813,SWA,B737-MAX,2018,Narrow
JBU890,JBU,A321,2007,Wide
FFT100,FFT,A320neo,2017,Narrow
SWA796,SWA,B737-MAX,2016,Narrow
SWA298,SWA,B737-MAX,2005,Narrow
DAL946,DAL,A320,2017,Narrow
UAL837,UAL,B757,2013,Wide
AAL212,AAL,B737-800,2021,Narrow
AAL132,AAL,B737-800,2012,Narrow
AAL169,AAL,B737-800,2009,Narrow
AAL183,AAL,B737-800,2019,Narrow
DAL475,DAL,A320,2017,Narrow
SWA523,SWA,B737-MAX,2019,Narrow
AAL379,AAL,B737-800,2006,Narrow
DAL912,DAL,A320,2019,Narrow
JBU127,JBU,A321,2012,Wide
FFT936,FFT,A320neo,2013,Narrow
SWA957,SWA,B737-MAX,2007,Narrow
UAL180,UAL,B757,2017,Wide
JBU699,JBU,A321,2007,Wide
DAL982,DAL,A320,2009,Narrow
NKS472,NKS,A319,2015,Narrow
AAL287,AAL,B737-800,2013,Narrow
AAL463,AAL,B737-800,2007,Narrow
AAL915,AAL,B737-800,2019,Narrow
JBU713,JBU,A321,2010,Wide
SWA220,SWA,B737-MAX,2018,Narrow
NKS617,NKS,A319,2010,Narrow
FFT600,FFT,A320neo,2005,Narrow
AAL530,AAL,B737-800,2014,Narrow
AAL489,AAL,B737-800,2005,Narrow
FFT194,FFT,A320neo,2016,Narrow
FFT869,FFT,A320neo,2021,Narrow
UAL508,UAL,B757,2014,Wide
JBU194,JBU,A321,2012,Wide
JBU564,JBU,A321,2021,Wide
UAL439,UAL,B757,2013,Wide
DAL875,DAL,A320,2021,Narrow
AAL829,AAL,B737-800,2005,Narrow
DAL626,DAL,A320,2016,Narrow
AAL814,AAL,B737-800,2006,Narrow
NKS402,NKS,A319,2012,Narrow
DAL144,DAL,A320,2014,Narrow
NKS590,NKS,A319,2018,Narrow
FFT573,FFT,A320neo,2019,Narrow
DAL528,DAL,A320,2014,Narrow
UAL149,UAL,B757,2017,Wide
UAL471,UAL,B757,2020,Wide
DAL219,DAL,A320,2009,Narrow
UAL942,UAL,B757,2007,Wide
AAL637,AAL,B737-800,2019,Narrow
UAL382,UAL,B757,2013,Wide
SWA370,SWA,B737-MAX,2020,Narrow
UAL899,UAL,B757,2012,Wide
SWA290,SWA,B737-MAX,2013,Narrow
JBU768,JBU,A321,2010,Wide
AAL223,AAL,B737-800,2014,Narrow
NKS899,NKS,A319,2013,Narrow
DAL472,DAL,A320,2005,Narrow
FFT634,FFT,A320neo,2010,Narrow
JBU690,JBU,A321,2016,Wide
JBU526,JBU,A321,2007,Wide
UAL237,UAL,B757,2005,Wide
UAL598,UAL,B757,2012,Wide
UAL884,UAL,B757,2020,Wide
DAL125,DAL,A320,2007,Narrow
SWA704,SWA,B737-MAX,2021,Narrow
NKS220,NKS,A319,2016,Narrow
UAL184,UAL,B757,2019,Wide
NKS726,NKS,A319,2013,Narrow
SWA161,SWA,B737-MAX,2009,Narrow
SWA427,SWA,B737-MAX,2009,Narrow
DAL862,DAL,A320,2008,Narrow
AAL258,AAL,B737-800,2016,Narrow
FFT542,FFT,A320neo,2016,Narrow
JBU520,JBU,A321,2013,Wide
NKS568,NKS,A319,2009,Narrow
UAL421,UAL,B757,2021,Wide
NKS249,NKS,A319,2020,Narrow
FFT407,FFT,A320neo,2006,Narrow
NKS338,NKS,A319,2011,Narrow
JBU632,JBU,A321,2013,Wide
FFT818,FFT,A320neo,2014,Narrow
AAL298,AAL,B737-800,2020,Narrow
UAL504,UAL,B757,2019,Wide
UAL331,UAL,B757,2006,Wide
JBU446,JBU,A321,2017,Wide
UAL206,UAL,B757,2011,Wide
DAL154,DAL,A320,2011,Narrow
DAL541,DAL,A320,2010,Narrow
NKS466,NKS,A319,2017,Narrow
AAL822,AAL,B737-800,2008,Narrow
JBU667,JBU,A321,2015,Wide
UAL202,UAL,B757,2011,Wide
UAL545,UAL,B757,2018,Wide
DAL513,DAL,A320,2020,Narrow
NKS449,NKS,A319,2008,Narrow
AAL480,AAL,B737-800,2016,Narrow
SWA552,SWA,B737-MAX,2012,Narrow
FFT514,FFT,A320neo,2020,Narrow
DAL703,DAL,A320,2013,Narrow
NKS493,NKS,A319,2008,Narrow
FFT561,FFT,A320neo,2021,Narrow
UAL693,UAL,B757,2012,Wide
DAL519,DAL,A320,2017,Narrow
AAL792,AAL,B737-800,2019,Narrow
JBU338,JBU,A321,2017,Wide
AAL907,AAL,B737-800,2018,Narrow
SWA357,SWA,B737-MAX,2017,Narrow
AAL692,AAL,B737-800,2014,Narrow
SWA249,SWA,B737-MAX,2013,Narrow
DAL699,DAL,A320,2005,Narrow
JBU275,JBU,A321,2006,Wide
SWA334,SWA,B737-MAX,2005,Narrow
AAL650,AAL,B737-800,2007,Narrow
AAL174,AAL,B737-800,2020,Narrow
SWA526,SWA,B737-MAX,2008,Narrow
NKS579,NKS,A319,2015,Narrow
FFT338,FFT,A320neo,2012,Narrow
NKS335,NKS,A319,2017,Narrow
UAL103,UAL,B757,2017,Wide
FFT879,FFT,A320neo,2021,Narrow
SWA808,SWA,B737-MAX,2020,Narrow
NKS631,NKS,A319,2010,Narrow
JBU742,JBU,A321,2007,Wide
FFT152,FFT,A320neo,2017,Narrow
JBU388,JBU,A321,2005,Wide
UAL747,UAL,B757,2020,Wide
UAL821,UAL,B757,2018,Wide
FFT538,FFT,A320neo,2010,Narrow
FFT120,FFT,A320neo,2010,Narrow
JBU378,JBU,A321,2020,Wide
FFT937,FFT,A320neo,2010,Narrow
NKS387,NKS,A319,2010,Narrow
UAL642,UAL,B757,2019,Wide
DAL131,DAL,A320,2005,Narrow
SWA274,SWA,B737-MAX,2008,Narrow
JBU720,JBU,A321,2016,Wide
NKS717,NKS,A319,2011,Narrow
NKS119,NKS,A319,2008,Narrow
AAL362,AAL,B737-800,2014,Narrow
NKS887,NKS,A319,2019,Narrow
AAL423,AAL,B737-800,2014,Narrow
FFT253,FFT,A320neo,2009,Narrow
AAL828,AAL,B737-800,2021,Narrow
AAL661,AAL,B737-800,2013,Narrow
NKS624,NKS,A319,2015,Narrow
FFT515,FFT,A320neo,2010,Narrow
AAL628,AAL,B737-800,2007,Narrow
AAL195,AAL,B737-800,2014,Narrow
UAL212,UAL,B757,2019,Wide
JBU531,JBU,A321,2010,Wide
DAL955,DAL,A320,2021,Narrow
JBU143,JBU,A321,2019,Wide
AAL226,AAL,B737-800,2013,Narrow
FFT105,FFT,A320neo,2018,Narrow
DAL184,DAL,A320,2017,Narrow
JBU687,JBU,A321,2020,Wide
JBU933,JBU,A321,2014,Wide
AAL986,AAL,B737-800,2015,Narrow
JBU498,JBU,A321,2008,Wide
FFT935,FFT,A320neo,2006,Narrow
NKS753,NKS,A319,2013,Narrow
FFT438,FFT,A320neo,2017,Narrow
FFT209,FFT,A320neo,2005,Narrow
NKS839,NKS,A319,2019,Narrow
DAL608,DAL,A320,2020,Narrow
UAL590,UAL,B757,2007,Wide
NKS478,NKS,A319,2018,Narrow
AAL706,AAL,B737-800,2016,Narrow
AAL491,AAL,B737-800,2007,Narrow
FFT229,FFT,A320neo,2020,Narrow
JBU980,JBU,A321,2020,Wide
SWA604,SWA,B737-MAX,2011,Narrow
AAL486,AAL,B737-800,2020,Narrow
DAL300,DAL,A320,2005,Narrow
AAL511,AAL,B737-800,2006,Narrow
SWA547,SWA,B737-MAX,2016,Narrow
DAL729,DAL,A320,2011,Narrow
JBU552,JBU,A321,2017,Wide
FFT541,FFT,A320neo,2016,Narrow
FFT232,FFT,A320neo,2007,Narrow
UAL765,UAL,B757,2015,Wide
DAL115,DAL,A320,2013,Narrow
UAL842,UAL,B757,2007,Wide
AAL596,AAL,B737-800,2012,Narrow
FFT939,FFT,A320neo,2013,Narrow
FFT118,FFT,A320neo,2014,Narrow
JBU991,JBU,A321,2018,Wide
SWA607,SWA,B737-MAX,2013,Narrow
SWA623,SWA,B737-MAX,2011,Narrow
AAL555,AAL,B737-800,2010,Narrow
DAL132,DAL,A320,2006,Narrow
NKS238,NKS,A319,2020,Narrow
FFT930,FFT,A320neo,2017,Narrow
NKS309,NKS,A319,2015,Narrow
SWA431,SWA,B737-MAX,2007,Narrow
JBU922,JBU,A321,2017,Wide
NKS398,NKS,A319,2017,Narrow
FFT701,FFT,A320neo,2017,Narrow
AAL216,AAL,B737-800,2016,Narrow
UAL435,UAL,B757,2014,Wide
NKS521,NKS,A319,2021,Narrow
JBU950,JBU,A321,2013,Wide
NKS451,NKS,A319,2009,Narrow
NKS243,NKS,A319,2008,Narrow
AAL568,AAL,B737-800,2018,Narrow
SWA498,SWA,B737-MAX,2009,Narrow
NKS482,NKS,A319,2008,Narrow
NKS965,NKS,A319,2014,Narrow
JBU433,JBU,A321,2015,Wide
FFT755,FFT,A320neo,2016,Narrow
JBU848,JBU,A321,2006,Wide
AAL571,AAL,B737-800,2007,Narrow
DAL613,DAL,A320,2015,Narrow
DAL232,DAL,A320,2011,Narrow
UAL741,UAL,B757,2012,Wide
DAL185,DAL,A320,2010,Narrow
UAL195,UAL,B757,2013,Wide
JBU549,JBU,A321,2019,Wide
DAL160,DAL,A320,2014,Narrow
FFT862,FFT,A320neo,2010,Narrow
AAL756,AAL,B737-800,2020,Narrow
NKS194,NKS,A319,2011,Narrow
NKS921,NKS,A319,2015,Narrow
FFT576,FFT,A320neo,2010,Narrow
DAL347,DAL,A320,2014,Narrow
NKS656,NKS,A319,2019,Narrow
SWA216,SWA,B737-MAX,2018,Narrow
DAL910,DAL,A320,2005,Narrow
NKS163,NKS,A319,2021,Narrow
JBU514,JBU,A321,2020,Wide
UAL839,UAL,B757,2015,Wide
UAL595,UAL,B757,2005,Wide
JBU818,JBU,A321,2017,Wide
NKS963,NKS,A319,2006,Narrow
DAL983,DAL,A320,2018,Narrow
NKS280,NKS,A319,2020,Narrow
NKS157,NKS,A319,2019,Narrow
NKS780,NKS,A319,2007,Narrow
NKS501,NKS,A319,2017,Narrow
UAL700,UAL,B757,2017,Wide
FFT770,FFT,A320neo,2018,Narrow
JBU697,JBU,A321,2013,Wide
JBU116,JBU,A321,2010,Wide
NKS490,NKS,A319,2005,Narrow
FFT941,FFT,A320neo,2018,Narrow
SWA551,SWA,B737-MAX,2021,Narrow
FFT713,FFT,A320neo,2020,Narrow
DAL266,DAL,A320,2013,Narrow
NKS610,NKS,A319,2011,Narrow
AAL288,AAL,B737-800,2009,Narrow
SWA679,SWA,B737-MAX,2005,Narrow
UAL368,UAL,B757,2011,Wide
DAL189,DAL,A320,2012,Narrow
FFT931,FFT,A320neo,2009,Narrow
AAL864,AAL,B737-800,2015,Narrow
NKS313,NKS,A319,2020,Narrow
AAL684,AAL,B737-800,2006,Narrow
JBU960,JBU,A321,2021,Wide
DAL967,DAL,A320,2017,Narrow
UAL111,UAL,B757,2011,Wide
JBU802,JBU,A321,2019,Wide
UAL560,UAL,B757,2018,Wide
DAL386,DAL,A320,2020,Narrow
FFT568,FFT,A320neo,2009,Narrow
AAL348,AAL,B737-800,2017,Narrow
FFT108,FFT,A320neo,2008,Narrow
JBU149,JBU,A321,2021,Wide
AAL215,AAL,B737-800,2006,Narrow
NKS657,NKS,A319,2008,Narrow
JBU731,JBU,A321,2009,Wide
NKS441,NKS,A319,2017,Narrow
UAL430,UAL,B757,2014,Wide
AAL866,AAL,B737-800,2021,Narrow
NKS804,NKS,A319,2005,Narrow
UAL154,UAL,B757,2010,Wide
FFT300,FFT,A320neo,2005,Narrow
AAL192,AAL,B737-800,2007,Narrow
FFT944,FFT,A320neo,2007,Narrow
NKS448,NKS,A319,2007,Narrow
UAL172,UAL,B757,2008,Wide
AAL691,AAL,B737-800,2009,Narrow
NKS153,NKS,A319,2021,Narrow
DAL150,DAL,A320,2012,Narrow
DAL508,DAL,A320,2009,Narrow
UAL329,UAL,B757,2007,Wide
SWA322,SWA,B737-MAX,2010,Narrow
AAL950,AAL,B737-800,2017,Narrow
NKS594,NKS,A319,2006,Narrow
AAL549,AAL,B737-800,2006,Narrow
UAL731,UAL,B757,2016,Wide
FFT311,FFT,A320neo,2009,Narrow
JBU842,JBU,A321,2011,Wide
UAL666,UAL,B757,2011,Wide
FFT597,FFT,A320neo,2013,Narrow
UAL589,UAL,B757,2007,Wide
JBU814,JBU,A321,2016,Wide
JBU317,JBU,A321,2013,Wide
JBU714,JBU,A321,2015,Wide
UAL965,UAL,B757,2021,Wide
AAL255,AAL,B737-800,2019,Narrow
NKS611,NKS,A319,2005,Narrow
JBU512,JBU,A321,2012,Wide
FFT608,FFT,A320neo,2007,Narrow
NKS114,NKS,A319,2009,Narrow
FFT792,FFT,A320neo,2011,Narrow
FFT986,FFT,A320neo,2011,Narrow
SWA992,SWA,B737-MAX,2012,Narrow
AAL935,AAL,B737-800,2005,Narrow
FFT611,FFT,A320neo,2008,Narrow
DAL848,DAL,A320,2012,Narrow
UAL762,UAL,B757,2020,Wide
DAL341,DAL,A320,2011,Narrow
JBU685,JBU,A321,2005,Wide
NKS767,NKS,A319,2017,Narrow
SWA569,SWA,B737-MAX,2020,Narrow
JBU437,JBU,A321,2013,Wide
AAL584,AAL,B737-800,2006,Narrow
JBU260,JBU,A321,2008,Wide
SWA741,SWA,B737-MAX,2014,Narrow
SWA235,SWA,B737-MAX,2017,Narrow
NKS616,NKS,A319,2009,Narrow
JBU873,JBU,A321,2007,Wide
DAL364,DAL,A320,2018,Narrow
SWA888,SWA,B737-MAX,2016,Narrow
AAL318,AAL,B737-800,2006,Narrow
JBU955,JBU,A321,2021,Wide
FFT217,FFT,A320neo,2008,Narrow
JBU967,JBU,A321,2011,Wide
UAL187,UAL,B757,2009,Wide
JBU162,JBU,A321,2018,Wide
UAL137,UAL,B757,2008,Wide
AAL599,AAL,B737-800,2014,Narrow
FFT459,FFT,A320neo,2016,Narrow
JBU803,JBU,A321,2005,Wide
AAL808,AAL,B737-800,2021,Narrow
DAL917,DAL,A320,2012,Narrow
JBU211,JBU,A321,2018,Wide
JBU617,JBU,A321,2013,Wide
AAL669,AAL,B737-800,2012,Narrow
NKS974,NKS,A319,2010,Narrow
FFT447,FFT,A320neo,2018,Narrow
JBU171,JBU,A321,2007,Wide
DAL731,DAL,A320,2010,Narrow
AAL111,AAL,B737-800,2012,Narrow
UAL188,UAL,B757,2019,Wide
DAL976,DAL,A320,2009,Narrow
NKS319,NKS,A319,2009,Narrow
AAL551,AAL,B737-800,2012,Narrow
JBU800,JBU,A321,2021,Wide
JBU182,JBU,A321,2008,Wide
UAL637,UAL,B757,2013,Wide
UAL983,UAL,B757,2005,Wide
AAL141,AAL,B737-800,2020,Narrow
DAL554,DAL,A320,2019,Narrow
UAL888,UAL,B757,2019,Wide
UAL254,UAL,B757,2011,Wide
SWA183,SWA,B737-MAX,2016,Narrow
FFT405,FFT,A320neo,2019,Narrow
FFT710,FFT,A320neo,2019,Narrow
SWA768,SWA,B737-MAX,2014,Narrow
DAL220,DAL,A320,2008,Narrow
SWA209,SWA,B737-MAX,2020,Narrow
JBU881,JBU,A321,2006,Wide
NKS247,NKS,A319,2014,Narrow
DAL720,DAL,A320,2018,Narrow
DAL905,DAL,A320,2013,Narrow
DAL709,DAL,A320,2005,Narrow
NKS401,NKS,A319,2008,Narrow
UAL416,UAL,B757,2017,Wide
UAL425,UAL,B757,2007,Wide
SWA252,SWA,B737-MAX,2021,Narrow
UAL555,UAL,B757,2011,Wide
FFT814,FFT,A320neo,2019,Narrow
UAL973,UAL,B757,2014,Wide
FFT748,FFT,A320neo,2009,Narrow
UAL168,UAL,B757,2005,Wide
UAL695,UAL,B757,2009,Wide
DAL145,DAL,A320,2015,Narrow
SWA417,SWA,B737-MAX,2008,Narrow
JBU641,JBU,A321,2007,Wide
UAL540,UAL,B757,2011,Wide
FFT671,FFT,A320neo,2016,Narrow
UAL448,UAL,B757,2010,Wide
NKS969,NKS,A319,2019,Narrow
JBU492,JBU,A321,2015,Wide
NKS266,NKS,A319,2016,Narrow
DAL562,DAL,A320,2015,Narrow
NKS289,NKS,A319,2021,Narrow
JBU567,JBU,A321,2021,Wide
UAL804,UAL,B757,2018,Wide
DAL820,DAL,A320,2018,Narrow
UAL478,UAL,B757,2006,Wide
FFT206,FFT,A320neo,2006,Narrow
SWA281,SWA,B737-MAX,2019,Narrow
NKS344,NKS,A319,2012,Narrow
NKS698,NKS,A319,2017,Narrow
FFT729,FFT,A320neo,2008,Narrow
DAL371,DAL,A320,2019,Narrow
AAL353,AAL,B737-800,2014,Narrow
JBU626,JBU,A321,2005,Wide
DAL821,DAL,A320,2012,Narrow
NKS333,NKS,A319,2006,Narrow
FFT415,FFT,A320neo,2013,Narrow
SWA310,SWA,B737-MAX,2006,Narrow
AAL548,AAL,B737-800,2018,Narrow
DAL926,DAL,A320,2011,Narrow
DAL466,DAL,A320,2006,Narrow
SWA128,SWA,B737-MAX,2012,Narrow
UAL125,UAL,B757,2014,Wide
AAL469,AAL,B737-800,2007,Narrow
AAL144,AAL,B737-800,2014,Narrow
JBU524,JBU,A321,2007,Wide
JBU530,JBU,A321,2016,Wide
NKS263,NKS,A319,2006,Narrow
NKS382,NKS,A319,2021,Narrow
JBU273,JBU,A321,2021,Wide
AAL816,AAL,B737-800,2021,Narrow
FFT722,FFT,A320neo,2008,Narrow
NKS218,NKS,A319,2019,Narrow
FFT339,FFT,A320neo,2018,Narrow
AAL403,AAL,B737-800,2021,Narrow
DAL217,DAL,A320,2011,Narrow
FFT756,FFT,A320neo,2012,Narrow
AAL457,AAL,B737-800,2015,Narrow
AAL802,AAL,B737-800,2013,Narrow
UAL293,UAL,B757,2016,Wide
FFT507,FFT,A320neo,2015,Narrow
JBU153,JBU,A321,2013,Wide
FFT423,FFT,A320neo,2017,Narrow
JBU193,JBU,A321,2014,Wide
JBU209,JBU,A321,2013,Wide
JBU192,JBU,A321,2012,Wide
SWA719,SWA,B737-MAX,2020,Narrow
SWA142,SWA,B737-MAX,2012,Narrow
SWA461,SWA,B737-MAX,2020,Narrow
NKS143,NKS,A319,2016,Narrow
SWA352,SWA,B737-MAX,2018,Narrow
JBU919,JBU,A321,2013,Wide
NKS484,NKS,A319,2008,Narrow
AAL578,AAL,B737-800,2018,Narrow
AAL727,AAL,B737-800,2009,Narrow
AAL230,AAL,B737-800,2005,Narrow
FFT766,FFT,A320neo,2011,Narrow
FFT458,FFT,A320neo,2006,Narrow
NKS690,NKS,A319,2014,Narrow
JBU112,JBU,A321,2010,Wide
UAL799,UAL,B757,2013,Wide
FFT392,FFT,A320neo,2020,Narrow
FFT263,FFT,A320neo,2017,Narrow
FFT849,FFT,A320neo,2010,Narrow
UAL533,UAL,B757,2016,Wide
AAL707,AAL,B737-800,2005,Narrow
SWA736,SWA,B737-MAX,2005,Narrow
UAL253,UAL,B757,2018,Wide
SWA563,SWA,B737-MAX,2016,Narrow
DAL215,DAL,A320,2021,Narrow
NKS348,NKS,A319,2017,Narrow
NKS732,NKS,A319,2019,Narrow
NKS619,NKS,A319,2016,Narrow
NKS172,NKS,A319,2012,Narrow
DAL138,DAL,A320,2005,Narrow
FFT876,FFT,A320neo,2014,Narrow
SWA978,SWA,B737-MAX,2006,Narrow
FFT886,FFT,A320neo,2007,Narrow
SWA283,SWA,B737-MAX,2008,Narrow
JBU573,JBU,A321,2005,Wide
JBU387,JBU,A321,2006,Wide
UAL834,UAL,B757,2008,Wide
DAL911,DAL,A320,2019,Narrow
AAL436,AAL,B737-800,2015,Narrow
DAL825,DAL,A320,2009,Narrow
AAL484,AAL,B737-800,2018,Narrow
SWA900,SWA,B737-MAX,2012,Narrow
SWA980,SWA,B737-MAX,2008,Narrow
UAL547,UAL,B757,2015,Wide
JBU910,JBU,A321,2010,Wide
NKS638,NKS,A319,2018,Narrow
FFT210,FFT,A320neo,2014,Narrow
SWA258,SWA,B737-MAX,2020,Narrow
UAL853,UAL,B757,2021,Wide
JBU138,JBU,A321,2009,Wide
DAL565,DAL,A320,2006,Narrow
DAL790,DAL,A320,2011,Narrow
JBU527,JBU,A321,2009,Wide
DAL730,DAL,A320,2011,Narrow
JBU995,JBU,A321,2013,Wide
SWA146,SWA,B737-MAX,2015,Narrow
DAL463,DAL,A320,2007,Narrow
SWA162,SWA,B737-MAX,2016,Narrow
UAL774,UAL,B757,2019,Wide
JBU871,JBU,A321,2017,Wide
DAL492,DAL,A320,2007,Narrow
AAL927,AAL,B737-800,2017,Narrow
AAL346,AAL,B737-800,2013,Narrow
NKS585,NKS,A319,2018,Narrow
FFT431,FFT,A320neo,2007,Narrow
DAL102,DAL,A320,2019,Narrow
JBU223,JBU,A321,2013,Wide
AAL206,AAL,B737-800,2018,Narrow
UAL499,UAL,B757,2011,Wide
NKS458,NKS,A319,2021,Narrow
DAL890,DAL,A320,2018,Narrow
UAL671,UAL,B757,2007,Wide
JBU222,JBU,A321,2016,Wide
SWA246,SWA,B737-MAX,2015,Narrow
UAL131,UAL,B757,2017,Wide
SWA257,SWA,B737-MAX,2009,Narrow
DAL777,DAL,A320,2012,Narrow
AAL202,AAL,B737-800,2005,Narrow
DAL108,DAL,A320,2017,Narrow
JBU990,JBU,A321,2014,Wide
AAL869,AAL,B737-800,2010,Narrow
FFT354,FFT,A320neo,2012,Narrow
UAL580,UAL,B757,2006,Wide
FFT330,FFT,A320neo,2006,Narrow
SWA689,SWA,B737-MAX,2012,Narrow
UAL705,UAL,B757,2015,Wide
FFT676,FFT,A320neo,2021,Narrow
SWA268,SWA,B737-MAX,2008,Narrow
AAL193,AAL,B737-800,2010,Narrow
JBU402,JBU,A321,2014,Wide
UAL835,UAL,B757,2018,Wide
UAL101,UAL,B757,2010,Wide
DAL643,DAL,A320,2010,Narrow
SWA186,SWA,B737-MAX,2010,Narrow
JBU665,JBU,A321,2007,Wide
FFT745,FFT,A320neo,2010,Narrow
UAL434,UAL,B757,2012,Wide
AAL892,AAL,B737-800,2012,Narrow
UAL458,UAL,B757,2021,Wide
AAL873,AAL,B737-800,2006,Narrow
NKS549,NKS,A319,2010,Narrow
SWA277,SWA,B737-MAX,2005,Narrow
AAL560,AAL,B737-800,2010,Narrow
UAL441,UAL,B757,2021,Wide
DAL914,DAL,A320,2009,Narrow
JBU547,JBU,A321,2018,Wide
UAL901,UAL,B757,2005,Wide
DAL522,DAL,A320,2017,Narrow
FFT925,FFT,A320neo,2005,Narrow
NKS689,NKS,A319,2016,Narrow
AAL527,AAL,B737-800,2013,Narrow
FFT809,FFT,A320neo,2021,Narrow
DAL533,DAL,A320,2007,Narrow
FFT863,FFT,A320neo,2006,Narrow
SWA655,SWA,B737-MAX,2017,Narrow
UAL554,UAL,B757,2019,Wide
JBU676,JBU,A321,2016,Wide
SWA255,SWA,B737-MAX,2009,Narrow
UAL576,UAL,B757,2015,Wide
FFT992,FFT,A320neo,2020,Narrow
DAL460,DAL,A320,2009,Narrow
AAL124,AAL,B737-800,2011,Narrow
AAL936,AAL,B737-800,2018,Narrow
UAL236,UAL,B757,2014,Wide
JBU364,JBU,A321,2014,Wide
FFT799,FFT,A320neo,2020,Narrow
FFT920,FFT,A320neo,2016,Narrow
JBU946,JBU,A321,2007,Wide
UAL781,UAL,B757,2020,Wide
FFT837,FFT,A320neo,2007,Narrow
DAL794,DAL,A320,2007,Narrow
AAL713,AAL,B737-800,2010,Narrow
FFT651,FFT,A320neo,2017,Narrow
JBU348,JBU,A321,2016,Wide
DAL437,DAL,A320,2006,Narrow
SWA753,SWA,B737-MAX,2013,Narrow
SWA971,SWA,B737-MAX,2012,Narrow
SWA624,SWA,B737-MAX,2019,Narrow
UAL201,UAL,B757,2010,Wide
SWA784,SWA,B737-MAX,2014,Narrow
UAL535,UAL,B757,2005,Wide
NKS455,NKS,A319,2005,Narrow
DAL636,DAL,A320,2012,Narrow
FFT433,FFT,A320neo,2020,Narrow
UAL340,UAL,B757,2021,Wide
AAL718,AAL,B737-800,2020,Narrow
AAL912,AAL,B737-800,2015,Narrow
UAL549,UAL,B757,2007,Wide
SWA731,SWA,B737-MAX,2021,Narrow
FFT606,FFT,A320neo,2020,Narrow
NKS931,NKS,A319,2020,Narrow
UAL644,UAL,B757,2010,Wide
SWA737,SWA,B737-MAX,2010,Narrow
SWA648,SWA,B737-MAX,2012,Narrow
JBU730,JBU,A321,2019,Wide
FFT434,FFT,A320neo,2005,Narrow
UAL454,UAL,B757,2021,Wide
DAL630,DAL,A320,2021,Narrow
SWA336,SWA,B737-MAX,2017,Narrow
SWA344,SWA,B737-MAX,2014,Narrow
UAL863,UAL,B757,2006,Wide
FFT773,FFT,A320neo,2016,Narrow
JBU203,JBU,A321,2021,Wide
SWA131,SWA,B737-MAX,2020,Narrow
JBU258,JBU,A321,2005,Wide
AAL351,AAL,B737-800,2014,Narrow
FFT903,FFT,A320neo,2005,Narrow
SWA641,SWA,B737-MAX,2018,Narrow
DAL510,DAL,A320,2020,Narrow
UAL718,UAL,B757,2020,Wide
UAL739,UAL,B757,2007,Wide
FFT126,FFT,A320neo,2015,Narrow
NKS936,NKS,A319,2006,Narrow
JBU501,JBU,A321,2007,Wide
DAL114,DAL,A320,2017,Narrow
AAL838,AAL,B737-800,2015,Narrow
JBU320,JBU,A321,2016,Wide
SWA505,SWA,B737-MAX,2009,Narrow
AAL716,AAL,B737-800,2020,Narrow
DAL157,DAL,A320,2016,Narrow
DAL988,DAL,A320,2017,Narrow
FFT403,FFT,A320neo,2013,Narrow
JBU834,JBU,A321,2008,Wide
NKS678,NKS,A319,2012,Narrow
SWA798,SWA,B737-MAX,2006,Narrow
SWA423,SWA,B737-MAX,2021,Narrow
JBU536,JBU,A321,2007,Wide
NKS694,NKS,A319,2016,Narrow
JBU569,JBU,A321,2005,Wide
SWA565,SWA,B737-MAX,2017,Narrow
UAL291,UAL,B757,2006,Wide
FFT453,FFT,A320neo,2012,Narrow
NKS765,NKS,A319,2015,Narrow
NKS675,NKS,A319,2006,Narrow
AAL449,AAL,B737-800,2012,Narrow
DAL846,DAL,A320,2015,Narrow
JBU942,JBU,A321,2017,Wide
UAL728,UAL,B757,2005,Wide
FFT684,FFT,A320neo,2005,Narrow
SWA571,SWA,B737-MAX,2008,Narrow
NKS320,NKS,A319,2020,Narrow
NKS605,NKS,A319,2016,Narrow
JBU840,JBU,A321,2007,Wide
FFT110,FFT,A320neo,2006,Narrow
AAL823,AAL,B737-800,2010,Narrow
UAL819,UAL,B757,2011,Wide
AAL625,AAL,B737-800,2010,Narrow
FFT719,FFT,A320neo,2007,Narrow
SWA903,SWA,B737-MAX,2010,Narrow
AAL569,AAL,B737-800,2005,Narrow
DAL547,DAL,A320,2013,Narrow
JBU745,JBU,A321,2006,Wide
UAL136,UAL,B757,2020,Wide
SWA311,SWA,B737-MAX,2014,Narrow
AAL234,AAL,B737-800,2013,Narrow
JBU287,JBU,A321,2021,Wide
SWA951,SWA,B737-MAX,2010,Narrow
SWA627,SWA,B737-MAX,2020,Narrow
UAL489,UAL,B757,2011,Wide
DAL586,DAL,A320,2017,Narrow
AAL336,AAL,B737-800,2018,Narrow
AAL685,AAL,B737-800,2007,Narrow
NKS149,NKS,A319,2017,Narrow
AAL217,AAL,B737-800,2008,Narrow
SWA125,SWA,B737-MAX,2011,Narrow
FFT153,FFT,A320neo,2010,Narrow
FFT700,FFT,A320neo,2007,Narrow
AAL831,AAL,B737-800,2006,Narrow
JBU541,JBU,A321,2010,Wide
NKS256,NKS,A319,2012,Narrow
AAL897,AAL,B737-800,2005,Narrow
JBU298,JBU,A321,2014,Wide
UAL751,UAL,B757,2009,Wide
UAL282,UAL,B757,2006,Wide
SWA134,SWA,B737-MAX,2009,Narrow
JBU505,JBU,A321,2018,Wide
FFT138,FFT,A320neo,2011,Narrow
NKS790,NKS,A319,2010,Narrow
SWA608,SWA,B737-MAX,2005,Narrow
DAL404,DAL,A320,2021,Narrow
SWA117,SWA,B737-MAX,2021,Narrow
JBU404,JBU,A321,2020,Wide
UAL619,UAL,B757,2013,Wide
AAL635,AAL,B737-800,2006,Narrow
DAL485,DAL,A320,2013,Narrow
UAL966,UAL,B757,2018,Wide
JBU654,JBU,A321,2012,Wide
FFT891,FFT,A320neo,2019,Narrow
SWA319,SWA,B737-MAX,2013,Narrow
NKS485,NKS,A319,2005,Narrow
UAL363,UAL,B757,2017,Wide
UAL436,UAL,B757,2018,Wide
JBU939,JBU,A321,2013,Wide
NKS422,NKS,A319,2018,Narrow
SWA761,SWA,B737-MAX,2015,Narrow
AAL617,AAL,B737-800,2010,Narrow
FFT361,FFT,A320neo,2009,Narrow
UAL796,UAL,B757,2011,Wide
AAL386,AAL,B737-800,2009,Narrow
SWA272,SWA,B737-MAX,2018,Narrow
NKS386,NKS,A319,2010,Narrow
SWA945,SWA,B737-MAX,2013,Narrow
UAL257,UAL,B757,2006,Wide
SWA866,SWA,B737-MAX,2019,Narrow
AAL929,AAL,B737-800,2017,Narrow
DAL765,DAL,A320,2020,Narrow
SWA143,SWA,B737-MAX,2010,Narrow
NKS306,NKS,A319,2012,Narrow
DAL378,DAL,A320,2015,Narrow
NKS990,NKS,A319,2010,Narrow
AAL271,AAL,B737-800,2008,Narrow
FFT226,FFT,A320neo,2015,Narrow
JBU480,JBU,A321,2012,Wide
NKS880,NKS,A319,2021,Narrow
AAL933,AAL,B737-800,2006,Narrow
UAL510,UAL,B757,2014,Wide
DAL451,DAL,A320,2019,Narrow
UAL295,UAL,B757,2019,Wide
NKS586,NKS,A319,2020,Narrow
DAL280,DAL,A320,2018,Narrow
SWA530,SWA,B737-MAX,2019,Narrow
NKS668,NKS,A319,2020,Narrow
UAL639,UAL,B757,2013,Wide
JBU843,JBU,A321,2009,Wide
NKS353,NKS,A319,2016,Narrow
SWA968,SWA,B737-MAX,2012,Narrow
UAL322,UAL,B757,2017,Wide
SWA369,SWA,B737-MAX,2013,Narrow
FFT896,FFT,A320neo,2008,Narrow
DAL871,DAL,A320,2016,Narrow
DAL334,DAL,A320,2018,Narrow
NKS173,NKS,A319,2007,Narrow
DAL952,DAL,A320,2009,Narrow
JBU812,JBU,A321,2015,Wide
FFT693,FFT,A320neo,2021,Narrow
DAL260,DAL,A320,2013,Narrow
NKS775,NKS,A319,2020,Narrow
JBU856,JBU,A321,2009,Wide
JBU679,JBU,A321,2014,Wide
SWA922,SWA,B737-MAX,2017,Narrow
AAL944,AAL,B737-800,2020,Narrow
FFT953,FFT,A320neo,2006,Narrow
JBU770,JBU,A321,2014,Wide
DAL329,DAL,A320,2010,Narrow
FFT585,FFT,A320neo,2005,Narrow
SWA979,SWA,B737-MAX,2014,Narrow
SWA504,SWA,B737-MAX,2019,Narrow
NKS809,NKS,A319,2018,Narrow
AAL447,AAL,B737-800,2021,Narrow
NKS358,NKS,A319,2006,Narrow
AAL736,AAL,B737-800,2020,Narrow
DAL277,DAL,A320,2021,Narrow
UAL772,UAL,B757,2009,Wide
NKS219,NKS,A319,2015,Narrow
FFT900,FFT,A320neo,2011,Narrow
AAL627,AAL,B737-800,2014,Narrow
AAL563,AAL,B737-800,2013,Narrow
JBU126,JBU,A321,2015,Wide
UAL517,UAL,B757,2015,Wide
NKS708,NKS,A319,2018,Narrow
FFT526,FFT,A320neo,2011,Narrow
SWA834,SWA,B737-MAX,2012,Narrow
DAL680,DAL,A320,2017,Narrow
AAL607,AAL,B737-800,2014,Narrow
DAL344,DAL,A320,2010,Narrow
JBU826,JBU,A321,2012,Wide
NKS552,NKS,A319,2008,Narrow
UAL817,UAL,B757,2007,Wide
JBU361,JBU,A321,2013,Wide
UAL128,UAL,B757,2005,Wide
JBU485,JBU,A321,2009,Wide
JBU167,JBU,A321,2015,Wide
UAL907,UAL,B757,2021,Wide
JBU391,JBU,A321,2005,Wide
NKS927,NKS,A319,2008,Narrow
UAL388,UAL,B757,2020,Wide
UAL722,UAL,B757,2006,Wide
JBU885,JBU,A321,2021,Wide
UAL432,UAL,B757,2017,Wide
JBU234,JBU,A321,2019,Wide
UAL444,UAL,B757,2016,Wide
DAL348,DAL,A320,2016,Narrow
AAL954,AAL,B737-800,2018,Narrow
UAL958,UAL,B757,2014,Wide
JBU347,JBU,A321,2015,Wide
NKS265,NKS,A319,2016,Narrow
UAL967,UAL,B757,2010,Wide
DAL129,DAL,A320,2013,Narrow
AAL770,AAL,B737-800,2015,Narrow
SWA340,SWA,B737-MAX,2007,Narrow
DAL503,DAL,A320,2013,Narrow
JBU460,JBU,A321,2014,Wide
AAL779,AAL,B737-800,2009,Narrow
UAL844,UAL,B757,2006,Wide
AAL562,AAL,B737-800,2020,Narrow
SWA419,SWA,B737-MAX,2010,Narrow
DAL133,DAL,A320,2006,Narrow
AAL799,AAL,B737-800,2009,Narrow
AAL688,AAL,B737-800,2014,Narrow
FFT486,FFT,A320neo,2017,Narrow
DAL321,DAL,A320,2012,Narrow
UAL954,UAL,B757,2018,Wide
UAL380,UAL,B757,2007,Wide
UAL327,UAL,B757,2013,Wide
FFT566,FFT,A320neo,2021,Narrow
SWA160,SWA,B737-MAX,2014,Narrow
DAL715,DAL,A320,2018,Narrow
FFT806,FFT,A320neo,2016,Narrow
JBU698,JBU,A321,2012,Wide
JBU891,JBU,A321,2019,Wide
SWA668,SWA,B737-MAX,2010,Narrow
JBU838,JBU,A321,2015,Wide
DAL800,DAL,A320,2017,Narrow
SWA422,SWA,B737-MAX,2017,Narrow
SWA845,SWA,B737-MAX,2006,Narrow
SWA566,SWA,B737-MAX,2019,Narrow
DAL164,DAL,A320,2005,Narrow
AAL284,AAL,B737-800,2017,Narrow
FFT908,FFT,A320neo,2017,Narrow
DAL303,DAL,A320,2021,Narrow
SWA852,SWA,B737-MAX,2006,Narrow
SWA831,SWA,B737-MAX,2021,Narrow
JBU916,JBU,A321,2005,Wide
DAL760,DAL,A320,2010,Narrow
AAL722,AAL,B737-800,2016,Narrow
NKS772,NKS,A319,2020,Narrow
DAL755,DAL,A320,2017,Narrow
JBU196,JBU,A321,2012,Wide
UAL412,UAL,B757,2015,Wide
JBU232,JBU,A321,2016,Wide
SWA708,SWA,B737-MAX,2010,Narrow
NKS244,NKS,A319,2013,Narrow
AAL791,AAL,B737-800,2015,Narrow
NKS911,NKS,A319,2008,Narrow
SWA755,SWA,B737-MAX,2005,Narrow
SWA988,SWA,B737-MAX,2005,Narrow
FFT560,FFT,A320neo,2021,Narrow
JBU231,JBU,A321,2013,Wide
SWA998,SWA,B737-MAX,2020,Narrow
UAL743,UAL,B757,2012,Wide
SWA622,SWA,B737-MAX,2021,Narrow
AAL712,AAL,B737-800,2005,Narrow
DAL999,DAL,A320,2013,Narrow
UAL423,UAL,B757,2008,Wide
NKS940,NKS,A319,2012,Narrow
DAL105,DAL,A320,2011,Narrow
NKS511,NKS,A319,2017,Narrow
DAL439,DAL,A320,2021,Narrow
